{
  "Infiltration Air Change Rate" : 
  {
    "applicable" : true,
    "key_value" : "*",
    "reporting_frequency" : "timestep",
    "variable_name" : "Infiltration Air Change Rate"
  },
  "Site Outdoor Air Drybulb Temperature" : 
  {
    "applicable" : true,
    "key_value" : "*",
    "reporting_frequency" : "timestep",
    "variable_name" : "Site Outdoor Air Drybulb Temperature"
  },
  "Zone Mean Air Temperature" : 
  {
    "applicable" : true,
    "key_value" : "*",
    "reporting_frequency" : "timestep",
    "variable_name" : "Zone Mean Air Temperature"
  }
}