TIME,Temp,RH
2024-02-09 12:37:43,24.4,55.8
2024-02-09 13:37:43,25.7,50.7
2024-02-09 14:37:43,26.3,50.6
2024-02-09 15:37:43,27.0,51.6
2024-02-09 16:37:43,26.6,50.7
2024-02-09 17:37:43,26.1,52.7
2024-02-09 18:37:43,26.1,51.0
2024-02-09 19:37:43,27.1,51.5
2024-02-09 20:37:43,27.3,51.3
2024-02-09 21:37:43,26.6,52.3
2024-02-09 22:37:43,26.3,52.8
2024-02-09 23:37:43,25.9,53.5
2024-02-10 00:37:43,25.7,53.8
2024-02-10 01:37:43,25.6,54.5
2024-02-10 02:37:43,25.6,55.1
2024-02-10 03:37:43,25.4,55.8
2024-02-10 04:37:43,25.4,56.5
2024-02-10 05:37:43,25.4,57.0
2024-02-10 06:37:43,25.4,57.5
2024-02-10 07:37:43,25.5,58.5
2024-02-10 08:37:43,25.7,57.2
2024-02-10 09:37:43,25.7,56.5
2024-02-10 10:37:43,25.9,57.3
2024-02-10 11:37:43,26.8,55.4
2024-02-10 12:37:43,26.5,58.3
2024-02-10 13:37:43,27.1,58.5
2024-02-10 14:37:43,27.6,56.2
2024-02-10 15:37:43,27.6,58.9
2024-02-10 16:37:43,27.5,60.4
2024-02-10 17:37:43,27.6,61.1
2024-02-10 18:37:43,27.4,57.1
2024-02-10 19:37:43,27.1,58.5
2024-02-10 20:37:43,27.2,59.3
2024-02-10 21:37:43,26.9,59.6
2024-02-10 22:37:43,27.4,58.9
2024-02-10 23:37:43,27.2,60.4
2024-02-11 00:37:43,26.8,57.7
2024-02-11 01:37:43,25.6,59.4
2024-02-11 02:37:43,25.2,60.6
2024-02-11 03:37:43,25.1,65.7
2024-02-11 04:37:43,25.0,66.4
2024-02-11 05:37:43,25.3,64.3
2024-02-11 06:37:43,25.6,62.2
2024-02-11 07:37:43,25.5,62.6
2024-02-11 08:37:43,25.6,64.1
2024-02-11 09:37:43,25.6,62.6
2024-02-11 10:37:43,26.1,60.0
2024-02-11 11:37:43,26.5,58.0
2024-02-11 12:37:43,27.0,54.7
2024-02-11 13:37:43,27.4,53.6
2024-02-11 14:37:43,28.1,52.8
2024-02-11 15:37:43,28.8,50.3
2024-02-11 16:37:43,29.4,46.1
2024-02-11 17:37:43,29.5,47.7
2024-02-11 18:37:43,29.1,57.0
2024-02-11 19:37:43,28.9,59.4
2024-02-11 20:37:43,28.5,54.5
2024-02-11 21:37:43,28.3,56.6
2024-02-11 22:37:43,28.1,56.8
2024-02-11 23:37:43,28.4,58.2
2024-02-12 00:37:43,26.7,57.0
2024-02-12 01:37:43,25.9,58.9
2024-02-12 02:37:43,25.7,62.1
2024-02-12 03:37:43,25.7,63.3
2024-02-12 04:37:43,25.4,66.9
2024-02-12 05:37:43,25.9,65.0
2024-02-12 06:37:43,26.2,64.4
2024-02-12 07:37:43,26.3,65.5
2024-02-12 08:37:43,26.2,66.4
2024-02-12 09:37:43,26.5,66.9
2024-02-12 10:37:43,27.0,68.3
2024-02-12 11:37:43,27.4,65.8
2024-02-12 12:37:43,27.8,63.0
2024-02-12 13:37:43,28.3,65.4
2024-02-12 14:37:43,28.9,65.3
2024-02-12 15:37:43,29.2,62.2
2024-02-12 16:37:43,29.5,63.8
2024-02-12 17:37:43,29.6,63.2
2024-02-12 18:37:43,29.2,65.3
2024-02-12 19:37:43,29.0,67.7
2024-02-12 20:37:43,29.0,68.0
2024-02-12 21:37:43,28.9,68.8
2024-02-12 22:37:43,28.6,67.3
2024-02-12 23:37:43,27.9,56.4
2024-02-13 00:37:43,27.6,58.7
2024-02-13 01:37:43,27.5,60.7
2024-02-13 02:37:43,27.3,53.2
2024-02-13 03:37:43,26.4,54.2
2024-02-13 04:37:43,26.2,52.9
2024-02-13 05:37:43,26.9,59.6
2024-02-13 06:37:43,27.3,67.1
2024-02-13 07:37:43,27.0,70.0
2024-02-13 08:37:43,27.1,70.2
2024-02-13 09:37:43,27.5,71.7
2024-02-13 10:37:43,27.6,71.5
2024-02-13 11:37:43,28.0,69.6
2024-02-13 12:37:43,28.4,68.5
2024-02-13 13:37:43,28.7,67.4
2024-02-13 14:37:43,28.8,67.2
2024-02-13 15:37:43,29.2,65.8
2024-02-13 16:37:43,29.4,63.5
2024-02-13 17:37:43,29.4,62.9
2024-02-13 18:37:43,29.3,64.2
2024-02-13 19:37:43,29.0,67.0
2024-02-13 20:37:43,29.0,67.0
2024-02-13 21:37:43,29.1,67.4
2024-02-13 22:37:43,29.3,66.7
2024-02-13 23:37:43,29.1,66.6
2024-02-14 00:37:43,26.9,50.8
2024-02-14 01:37:43,26.1,50.3
2024-02-14 02:37:43,26.1,55.0
2024-02-14 03:37:43,26.2,55.4
2024-02-14 04:37:43,26.1,53.7
2024-02-14 05:37:43,26.9,59.6
2024-02-14 06:37:43,26.9,65.0
2024-02-14 07:37:43,27.3,69.4
2024-02-14 08:37:43,27.3,67.1
2024-02-14 09:37:43,27.6,70.6
2024-02-14 10:37:43,27.7,69.9
2024-02-14 11:37:43,27.9,66.8
2024-02-14 12:37:43,28.1,64.2
2024-02-14 13:37:43,28.4,62.0
2024-02-14 14:37:43,28.7,59.6
2024-02-14 15:37:43,29.0,59.1
2024-02-14 16:37:43,29.4,60.3
2024-02-14 17:37:43,29.7,59.4
2024-02-14 18:37:43,29.8,60.6
2024-02-14 19:37:43,29.7,63.4
2024-02-14 20:37:43,29.6,66.9
2024-02-14 21:37:43,29.5,67.6
2024-02-14 22:37:43,29.5,65.7
2024-02-14 23:37:43,27.2,48.1
2024-02-15 00:37:43,26.4,50.3
2024-02-15 01:37:43,25.9,50.5
2024-02-15 02:37:43,26.0,52.1
2024-02-15 03:37:43,26.0,53.5
2024-02-15 04:37:43,26.1,54.4
2024-02-15 05:37:43,26.7,60.4
2024-02-15 06:37:43,27.1,64.3
2024-02-15 07:37:43,27.3,68.8
2024-02-15 08:37:43,26.9,72.9
2024-02-15 09:37:43,27.1,70.9
2024-02-15 10:37:43,27.7,67.0
2024-02-15 11:37:43,28.4,60.8
2024-02-15 12:37:43,29.0,57.1
2024-02-15 13:37:43,29.4,55.2
2024-02-15 14:37:43,29.9,57.3
2024-02-15 15:37:43,30.7,54.4
2024-02-15 16:37:43,31.7,50.6
2024-02-15 17:37:43,31.8,51.7
2024-02-15 18:37:43,31.2,56.1
2024-02-15 19:37:43,30.8,61.5
2024-02-15 20:37:43,30.9,61.3
2024-02-15 21:37:43,29.4,40.1
2024-02-15 22:37:43,28.4,46.0
2024-02-15 23:37:43,28.1,46.7
2024-02-16 00:37:43,27.9,46.3
2024-02-16 01:37:43,27.6,47.6
2024-02-16 02:37:43,27.4,47.3
2024-02-16 03:37:43,27.7,49.9
2024-02-16 04:37:43,27.5,48.2
2024-02-16 05:37:43,28.3,53.3
2024-02-16 06:37:43,28.5,56.5
2024-02-16 07:37:43,28.6,58.5
2024-02-16 08:37:43,28.6,59.7
2024-02-16 09:37:43,28.6,61.9
2024-02-16 10:37:43,28.8,60.3
2024-02-16 11:37:43,29.3,56.8
2024-02-16 12:37:43,30.0,52.9
2024-02-16 13:37:43,29.7,50.6
2024-02-16 14:37:43,30.1,56.2
2024-02-16 15:37:43,30.4,54.9
2024-02-16 16:37:43,30.6,53.2
2024-02-16 17:37:43,30.6,56.9
2024-02-16 18:37:43,30.2,63.8
2024-02-16 19:37:43,30.3,64.5
2024-02-16 20:37:43,29.9,64.9
2024-02-16 21:37:43,29.7,68.4
2024-02-16 22:37:43,28.9,69.0
2024-02-16 23:37:43,28.7,69.4
2024-02-17 00:37:43,28.2,49.3
2024-02-17 01:37:43,27.4,49.8
2024-02-17 02:37:43,26.8,49.9
2024-02-17 03:37:43,26.7,52.4
2024-02-17 04:37:43,26.6,52.7
2024-02-17 05:37:43,27.2,57.6
2024-02-17 06:37:43,27.6,63.8
2024-02-17 07:37:43,27.7,66.4
2024-02-17 08:37:43,27.6,66.9
2024-02-17 09:37:43,27.7,68.5
2024-02-17 10:37:43,28.0,74.1
2024-02-17 11:37:43,27.9,70.0
2024-02-17 12:37:43,28.4,71.4
2024-02-17 13:37:43,28.7,68.4
2024-02-17 14:37:43,29.0,69.1
2024-02-17 15:37:43,29.2,68.1
2024-02-17 16:37:43,29.3,68.5
2024-02-17 17:37:43,29.7,66.3
2024-02-17 18:37:43,29.4,66.7
2024-02-17 19:37:43,28.9,69.8
2024-02-17 20:37:43,28.6,70.5
2024-02-17 21:37:43,28.9,71.0
2024-02-17 22:37:43,28.8,70.8
2024-02-17 23:37:43,28.7,70.6
2024-02-18 00:37:43,28.7,71.0
2024-02-18 01:37:43,28.4,72.2
2024-02-18 02:37:43,28.2,72.7
2024-02-18 03:37:43,28.2,72.4
2024-02-18 04:37:43,28.0,73.2
2024-02-18 05:37:43,28.1,72.8
2024-02-18 06:37:43,27.7,72.8
2024-02-18 07:37:43,27.5,72.2
2024-02-18 08:37:43,27.3,73.6
2024-02-18 09:37:43,27.3,75.6
2024-02-18 10:37:43,27.9,74.2
2024-02-18 11:37:43,28.8,66.8
2024-02-18 12:37:43,28.9,65.7
2024-02-18 13:37:43,29.0,67.5
2024-02-18 14:37:43,29.6,64.6
2024-02-18 15:37:43,29.7,62.5
2024-02-18 16:37:43,29.8,61.7
2024-02-18 17:37:43,29.6,63.3
2024-02-18 18:37:43,29.2,63.5
2024-02-18 19:37:43,29.3,67.0
2024-02-18 20:37:43,29.2,52.6
2024-02-18 21:37:43,27.0,48.5
2024-02-18 22:37:43,26.7,56.1
2024-02-18 23:37:43,26.2,50.3
2024-02-19 00:37:43,26.0,52.6
2024-02-19 01:37:43,25.8,53.3
2024-02-19 02:37:43,26.0,57.2
2024-02-19 03:37:43,26.0,54.7
2024-02-19 04:37:43,26.0,58.6
2024-02-19 05:37:43,26.6,60.1
2024-02-19 06:37:43,27.1,64.8
2024-02-19 07:37:43,27.1,71.7
2024-02-19 08:37:43,26.7,74.3
2024-02-19 09:37:43,27.0,75.1
2024-02-19 10:37:43,27.2,71.8
2024-02-19 11:37:43,28.1,62.0
2024-02-19 12:37:43,28.7,61.6
2024-02-19 13:37:43,29.1,56.6
2024-02-19 14:37:43,29.4,56.8
2024-02-19 15:37:43,29.6,56.3
2024-02-19 16:37:43,29.8,58.9
2024-02-19 17:37:43,29.8,61.0
2024-02-19 18:37:43,29.5,63.2
2024-02-19 19:37:43,29.1,66.0
2024-02-19 20:37:43,29.3,66.6
2024-02-19 21:37:43,29.6,65.7
2024-02-19 22:37:43,29.2,66.6
2024-02-19 23:37:43,29.1,66.4
2024-02-20 00:37:43,29.0,67.1
2024-02-20 01:37:43,28.9,67.5
2024-02-20 02:37:43,28.9,67.2
2024-02-20 03:37:43,28.6,67.2
2024-02-20 04:37:43,28.5,66.9
2024-02-20 05:37:43,28.3,67.0
2024-02-20 06:37:43,28.1,67.3
2024-02-20 07:37:43,28.0,67.0
2024-02-20 08:37:43,27.4,69.7
2024-02-20 09:37:43,27.7,71.9
2024-02-20 10:37:43,28.0,70.4
2024-02-20 11:37:43,28.4,65.8
2024-02-20 12:37:43,29.0,64.4
2024-02-20 13:37:43,29.3,62.3
2024-02-20 14:37:43,29.7,61.5
2024-02-20 15:37:43,29.7,60.6
2024-02-20 16:37:43,30.0,59.8
2024-02-20 17:37:43,29.9,62.0
2024-02-20 18:37:43,29.4,65.8
2024-02-20 19:37:43,29.2,66.8
2024-02-20 20:37:43,29.0,67.5
2024-02-20 21:37:43,29.2,68.2
2024-02-20 22:37:43,29.3,66.7
2024-02-20 23:37:43,29.3,67.3
2024-02-21 00:37:43,29.1,68.2
2024-02-21 01:37:43,28.5,65.2
2024-02-21 02:37:43,28.1,67.0
2024-02-21 03:37:43,28.1,65.3
2024-02-21 04:37:43,27.9,65.2
2024-02-21 05:37:43,27.7,67.3
2024-02-21 06:37:43,27.5,68.5
2024-02-21 07:37:43,27.4,70.3
2024-02-21 08:37:43,26.7,72.4
2024-02-21 09:37:43,26.9,71.0
2024-02-21 10:37:43,27.2,66.8
2024-02-21 11:37:43,27.3,65.7
2024-02-21 12:37:43,27.6,63.6
2024-02-21 13:37:43,27.9,63.4
2024-02-21 14:37:43,28.3,60.5
2024-02-21 15:37:43,28.4,59.3
2024-02-21 16:37:43,28.1,59.8
2024-02-21 17:37:43,28.0,60.1
2024-02-21 18:37:43,27.4,60.5
2024-02-21 19:37:43,27.0,62.3
2024-02-21 20:37:43,26.9,61.9
2024-02-21 21:37:43,27.0,64.2
2024-02-21 22:37:43,27.4,64.8
2024-02-21 23:37:43,27.2,64.5
2024-02-22 00:37:43,27.1,65.6
2024-02-22 01:37:43,27.0,64.6
2024-02-22 02:37:43,26.7,64.2
2024-02-22 03:37:43,26.5,61.6
2024-02-22 04:37:43,26.3,59.9
2024-02-22 05:37:43,26.1,56.6
2024-02-22 06:37:43,25.7,54.9
2024-02-22 07:37:43,25.7,57.2
2024-02-22 08:37:43,25.6,54.7
2024-02-22 09:37:43,25.2,52.4
2024-02-22 10:37:43,25.8,50.6
2024-02-22 11:37:43,26.7,50.1
2024-02-22 12:37:43,27.3,49.5
2024-02-22 13:37:43,27.7,46.2
2024-02-22 14:37:43,28.1,44.6
2024-02-22 15:37:43,28.4,47.1
2024-02-22 16:37:43,28.3,48.8
2024-02-22 17:37:43,28.2,48.3
2024-02-22 18:37:43,27.3,47.3
2024-02-22 19:37:43,26.7,48.9
2024-02-22 20:37:43,27.2,48.7
2024-02-22 21:37:43,27.2,49.3
2024-02-22 22:37:43,27.3,48.9
2024-02-22 23:37:43,27.1,43.7
2024-02-23 00:37:43,26.0,50.2
2024-02-23 01:37:43,25.6,47.0
2024-02-23 02:37:43,25.6,50.5
2024-02-23 03:37:43,25.5,48.8
2024-02-23 04:37:43,25.3,49.1
2024-02-23 05:37:43,25.8,54.8
2024-02-23 06:37:43,25.8,55.6
2024-02-23 07:37:43,25.6,57.3
2024-02-23 08:37:43,24.9,58.5
2024-02-23 09:37:43,25.1,58.7
2024-02-23 10:37:43,25.7,52.9
2024-02-23 11:37:43,26.3,49.9
2024-02-23 12:37:43,26.8,47.7
2024-02-23 13:37:43,27.3,48.0
2024-02-23 14:37:43,27.7,50.3
2024-02-23 15:37:43,28.1,51.2
2024-02-23 16:37:43,28.1,52.1
2024-02-23 17:37:43,28.4,52.1
2024-02-23 18:37:43,28.0,54.0
2024-02-23 19:37:43,28.0,57.4
2024-02-23 20:37:43,28.4,58.4
2024-02-23 21:37:43,28.2,57.2
2024-02-23 22:37:43,28.0,56.3
2024-02-23 23:37:43,27.8,55.8
2024-02-24 00:37:43,27.7,56.5
2024-02-24 01:37:43,27.3,57.6
2024-02-24 02:37:43,27.3,58.5
2024-02-24 03:37:43,27.1,59.1
2024-02-24 04:37:43,26.9,59.4
2024-02-24 05:37:43,26.5,60.2
2024-02-24 06:37:43,26.2,60.6
2024-02-24 07:37:43,25.9,61.2
2024-02-24 08:37:43,26.0,61.8
2024-02-24 09:37:43,26.4,62.8
2024-02-24 10:37:43,26.6,61.8
2024-02-24 11:37:43,27.3,52.6
2024-02-24 12:37:43,27.8,50.3
2024-02-24 13:37:43,28.4,48.8
2024-02-24 14:37:43,28.9,48.0
2024-02-24 15:37:43,29.2,48.7
2024-02-24 16:37:43,29.3,55.0
2024-02-24 17:37:43,29.6,54.5
2024-02-24 18:37:43,28.9,60.0
2024-02-24 19:37:43,28.6,64.6
2024-02-24 20:37:43,28.5,65.7
2024-02-24 21:37:43,28.8,65.0
2024-02-24 22:37:43,28.7,64.2
2024-02-24 23:37:43,28.5,63.1
2024-02-25 00:37:43,28.2,64.0
2024-02-25 01:37:43,26.3,49.1
2024-02-25 02:37:43,26.2,51.5
2024-02-25 03:37:43,26.2,51.9
2024-02-25 04:37:43,26.3,54.6
2024-02-25 05:37:43,26.6,57.1
2024-02-25 06:37:43,26.8,58.5
2024-02-25 07:37:43,26.8,61.8
2024-02-25 08:37:43,26.7,60.4
2024-02-25 09:37:43,26.9,64.6
2024-02-25 10:37:43,27.3,63.5
2024-02-25 11:37:43,28.2,57.8
2024-02-25 12:37:43,28.8,57.4
2024-02-25 13:37:43,29.3,58.5
2024-02-25 14:37:43,29.4,61.4
2024-02-25 15:37:43,29.6,57.0
2024-02-25 16:37:43,29.8,55.8
2024-02-25 17:37:43,30.0,57.7
2024-02-25 18:37:43,29.6,57.5
2024-02-25 19:37:43,29.6,58.6
2024-02-25 20:37:43,29.5,57.8
2024-02-25 21:37:43,28.8,44.2
2024-02-25 22:37:43,26.9,46.1
2024-02-25 23:37:43,26.5,47.6
2024-02-26 00:37:43,26.3,49.3
2024-02-26 01:37:43,26.3,50.7
2024-02-26 02:37:43,26.2,50.9
2024-02-26 03:37:43,26.0,53.7
2024-02-26 04:37:43,25.9,54.1
2024-02-26 05:37:43,26.5,57.2
2024-02-26 06:37:43,26.7,60.8
2024-02-26 07:37:43,26.9,63.0
2024-02-26 08:37:43,27.1,64.8
2024-02-26 09:37:43,27.3,66.2
2024-02-26 10:37:43,27.7,63.9
2024-02-26 11:37:43,28.4,60.4
2024-02-26 12:37:43,28.8,54.7
2024-02-26 13:37:43,29.1,54.4
2024-02-26 14:37:43,29.4,61.4
2024-02-26 15:37:43,29.6,57.9
2024-02-26 16:37:43,29.8,59.3
2024-02-26 17:37:43,30.0,59.1
2024-02-26 18:37:43,29.6,64.6
2024-02-26 19:37:43,29.3,66.8
2024-02-26 20:37:43,29.3,68.9
2024-02-26 21:37:43,29.4,68.9
2024-02-26 22:37:43,29.2,67.3
2024-02-26 23:37:43,28.6,51.8
2024-02-27 00:37:43,26.8,53.7
2024-02-27 01:37:43,26.5,51.4
2024-02-27 02:37:43,26.4,55.4
2024-02-27 03:37:43,26.4,55.2
2024-02-27 04:37:43,26.4,57.7
2024-02-27 05:37:43,26.8,58.4
2024-02-27 06:37:43,27.0,61.6
2024-02-27 07:37:43,27.1,61.5
2024-02-27 08:37:43,27.3,64.2
2024-02-27 09:37:43,27.2,67.4
2024-02-27 10:37:43,27.8,67.2
2024-02-27 11:37:43,28.2,65.7
2024-02-27 12:37:43,28.6,64.5
2024-02-27 13:37:43,28.7,61.3
2024-02-27 14:37:43,28.0,68.6
2024-02-27 15:37:43,28.2,68.5
2024-02-27 16:37:43,28.4,66.0
2024-02-27 17:37:43,28.7,65.2
2024-02-27 18:37:43,28.1,68.0
2024-02-27 19:37:43,28.1,66.7
2024-02-27 20:37:43,28.2,66.2
2024-02-27 21:37:43,28.1,66.1
2024-02-27 22:37:43,27.9,67.6
2024-02-27 23:37:43,26.8,54.1
2024-02-28 00:37:43,26.2,55.9
2024-02-28 01:37:43,26.2,55.7
2024-02-28 02:37:43,26.1,56.8
2024-02-28 03:37:43,26.0,59.3
2024-02-28 04:37:43,26.0,61.5
2024-02-28 05:37:43,26.2,62.2
2024-02-28 06:37:43,26.6,64.8
2024-02-28 07:37:43,26.7,72.3
2024-02-28 08:37:43,26.4,71.5
2024-02-28 09:37:43,26.5,71.5
2024-02-28 10:37:43,27.1,69.2
2024-02-28 11:37:43,27.7,66.7
2024-02-28 12:37:43,28.2,63.8
2024-02-28 13:37:43,28.2,69.7
2024-02-28 14:37:43,27.7,72.6
2024-02-28 15:37:43,28.0,68.4
2024-02-28 16:37:43,28.4,67.0
2024-02-28 17:37:43,28.2,65.3
2024-02-28 18:37:43,28.1,68.2
2024-02-28 19:37:43,27.9,72.4
2024-02-28 20:37:43,27.7,72.8
2024-02-28 21:37:43,27.8,72.0
2024-02-28 22:37:43,27.5,71.8
2024-02-28 23:37:43,27.6,71.3
2024-02-29 00:37:43,27.4,71.6
2024-02-29 01:37:43,27.2,71.6
2024-02-29 02:37:43,26.8,72.0
2024-02-29 03:37:43,26.7,72.5
2024-02-29 04:37:43,26.6,72.2
2024-02-29 05:37:43,26.4,72.0
2024-02-29 06:37:43,26.3,71.9
2024-02-29 07:37:43,26.4,71.9
2024-02-29 08:37:43,26.5,72.5
2024-02-29 09:37:43,26.7,76.0
2024-02-29 10:37:43,27.0,69.5
2024-02-29 11:37:43,27.5,65.2
2024-02-29 12:37:43,27.9,62.9
2024-02-29 13:37:43,28.4,58.2
2024-02-29 14:37:43,28.8,57.0
2024-02-29 15:37:43,29.1,61.6
2024-02-29 16:37:43,28.9,61.3
2024-02-29 17:37:43,28.9,65.6
2024-02-29 18:37:43,28.9,65.9
2024-02-29 19:37:43,28.4,58.2
2024-02-29 20:37:43,28.0,63.2
2024-02-29 21:37:43,27.6,66.1
2024-02-29 22:37:43,27.4,66.9
2024-02-29 23:37:43,27.2,68.1
2024-03-01 00:37:43,27.2,68.1
2024-03-01 01:37:43,27.1,68.8
2024-03-01 02:37:43,27.0,68.8
2024-03-01 03:37:43,27.0,68.6
2024-03-01 04:37:43,26.7,68.6
2024-03-01 05:37:43,26.4,68.8
2024-03-01 06:37:43,26.4,67.5
2024-03-01 07:37:43,26.2,65.6
2024-03-01 08:37:43,25.9,65.2
2024-03-01 09:37:43,26.5,62.7
2024-03-01 10:37:43,27.2,59.6
2024-03-01 11:37:43,27.9,54.7
2024-03-01 12:37:43,28.2,51.4
2024-03-01 13:37:43,28.7,49.4
2024-03-01 14:37:43,28.8,50.2
2024-03-01 15:37:43,29.2,50.2
2024-03-01 16:37:43,29.2,55.2
2024-03-01 17:37:43,29.2,55.2
2024-03-01 18:37:43,28.7,57.7
2024-03-01 19:37:43,28.5,60.4
2024-03-01 20:37:43,28.4,62.1
2024-03-01 21:37:43,28.5,62.5
2024-03-01 22:37:43,28.5,62.2
2024-03-01 23:37:43,28.3,63.3
2024-03-02 00:37:43,28.3,63.5
2024-03-02 01:37:43,28.1,64.0
2024-03-02 02:37:43,27.9,64.1
2024-03-02 03:37:43,27.8,66.6
2024-03-02 04:37:43,27.4,68.2
2024-03-02 05:37:43,27.3,68.3
2024-03-02 06:37:43,27.3,68.4
2024-03-02 07:37:43,27.5,67.4
2024-03-02 08:37:43,27.2,68.0
2024-03-02 09:37:43,27.5,67.2
2024-03-02 10:37:43,27.8,66.2
2024-03-02 11:37:43,27.8,60.5
2024-03-02 12:37:43,28.3,53.2
2024-03-02 13:37:43,28.6,53.4
2024-03-02 14:37:43,29.3,48.9
2024-03-02 15:37:43,29.7,44.2
2024-03-02 16:37:43,29.8,43.8
2024-03-02 17:37:43,29.5,51.4
2024-03-02 18:37:43,29.1,50.9
2024-03-02 19:37:43,28.8,52.8
2024-03-02 20:37:43,28.3,55.9
2024-03-02 21:37:43,28.0,58.6
2024-03-02 22:37:43,28.0,58.9
2024-03-02 23:37:43,27.9,59.9
2024-03-03 00:37:43,27.6,60.5
2024-03-03 01:37:43,27.3,61.5
2024-03-03 02:37:43,27.0,62.5
2024-03-03 03:37:43,26.8,63.0
2024-03-03 04:37:43,26.9,63.1
2024-03-03 05:37:43,26.7,63.2
2024-03-03 06:37:43,26.7,63.6
2024-03-03 07:37:43,26.4,64.0
2024-03-03 08:37:43,26.5,64.6
2024-03-03 09:37:43,26.6,65.3
2024-03-03 10:37:43,27.0,60.2
2024-03-03 11:37:43,28.1,52.4
2024-03-03 12:37:43,28.5,47.8
2024-03-03 13:37:43,29.2,44.0
2024-03-03 14:37:43,29.1,51.2
2024-03-03 15:37:43,29.6,55.5
2024-03-03 16:37:43,29.4,55.9
2024-03-03 17:37:43,29.3,58.8
2024-03-03 18:37:43,29.4,53.8
2024-03-03 19:37:43,28.7,55.2
2024-03-03 20:37:43,28.4,57.1
2024-03-03 21:37:43,28.1,61.9
2024-03-03 22:37:43,27.9,64.3
2024-03-03 23:37:43,28.0,63.9
2024-03-04 00:37:43,28.5,63.1
2024-03-04 01:37:43,28.5,62.8
2024-03-04 02:37:43,28.1,62.8
2024-03-04 03:37:43,28.0,63.3
2024-03-04 04:37:43,27.9,62.8
2024-03-04 05:37:43,27.8,63.2
2024-03-04 06:37:43,27.4,62.8
2024-03-04 07:37:43,27.4,65.6
2024-03-04 08:37:43,26.8,68.6
2024-03-04 09:37:43,26.9,68.2
2024-03-04 10:37:43,27.0,66.7
2024-03-04 11:37:43,27.4,64.7
2024-03-04 12:37:43,27.9,61.5
2024-03-04 13:37:43,28.4,62.0
2024-03-04 14:37:43,28.3,66.1
2024-03-04 15:37:43,28.4,62.9
2024-03-04 16:37:43,28.4,58.3
2024-03-04 17:37:43,28.7,61.7
2024-03-04 18:37:43,28.6,61.2
2024-03-04 19:37:43,28.5,64.5
2024-03-04 20:37:43,28.5,61.9
2024-03-04 21:37:43,28.1,62.9
2024-03-04 22:37:43,28.2,63.0
2024-03-04 23:37:43,28.1,63.1
2024-03-05 00:37:43,28.1,64.2
2024-03-05 01:37:43,28.1,64.6
2024-03-05 02:37:43,28.0,64.8
2024-03-05 03:37:43,28.0,65.3
2024-03-05 04:37:43,27.8,65.5
2024-03-05 05:37:43,27.7,64.8
2024-03-05 06:37:43,27.5,64.7
2024-03-05 07:37:43,27.4,62.1
2024-03-05 08:37:43,27.0,65.6
2024-03-05 09:37:43,27.1,63.6
2024-03-05 10:37:43,27.3,56.9
2024-03-05 11:37:43,28.0,56.9
2024-03-05 12:37:43,28.2,57.3
2024-03-05 13:37:43,28.5,58.8
2024-03-05 14:37:43,29.0,58.4
2024-03-05 15:37:43,29.3,58.5
2024-03-05 16:37:43,29.5,56.5
2024-03-05 17:37:43,29.3,56.5
2024-03-05 18:37:43,28.9,60.5
2024-03-05 19:37:43,28.8,59.4
2024-03-05 20:37:43,28.8,59.4
2024-03-05 21:37:43,28.8,60.6
2024-03-05 22:37:43,28.3,61.7
2024-03-05 23:37:43,27.9,45.3
2024-03-06 00:37:43,26.7,47.6
2024-03-06 01:37:43,26.6,52.3
2024-03-06 02:37:43,26.3,51.4
2024-03-06 03:37:43,26.3,52.8
2024-03-06 04:37:43,26.3,52.2
2024-03-06 05:37:43,26.8,56.9
2024-03-06 06:37:43,27.2,64.3
2024-03-06 07:37:43,27.1,65.3
2024-03-06 08:37:43,27.0,68.6
2024-03-06 09:37:43,28.6,61.8
2024-03-06 10:37:43,29.3,60.5
2024-03-06 11:37:43,29.8,55.2
2024-03-06 12:37:43,30.1,53.5
2024-03-06 13:37:43,30.4,56.2
2024-03-06 14:37:43,30.7,52.2
2024-03-06 15:37:43,30.9,49.5
2024-03-06 16:37:43,30.4,54.6
2024-03-06 17:37:43,30.2,60.0
2024-03-06 18:37:43,29.8,60.0
2024-03-06 19:37:43,29.7,63.8
2024-03-06 20:37:43,30.2,64.1
2024-03-06 21:37:43,30.5,63.5
2024-03-06 22:37:43,30.6,62.0
2024-03-06 23:37:43,30.3,62.5
2024-03-07 00:37:43,30.2,62.7
2024-03-07 01:37:43,28.4,47.5
2024-03-07 02:37:43,27.7,46.1
2024-03-07 03:37:43,27.6,48.0
2024-03-07 04:37:43,27.6,52.0
2024-03-07 05:37:43,28.2,53.2
2024-03-07 06:37:43,28.7,54.9
2024-03-07 07:37:43,28.9,62.0
2024-03-07 08:37:43,29.3,63.6
2024-03-07 09:37:43,29.0,67.6
2024-03-07 10:37:43,28.9,68.0
2024-03-07 11:37:43,29.7,64.6
2024-03-07 12:37:43,30.5,61.8
2024-03-07 13:37:43,30.6,63.4
2024-03-07 14:37:43,28.9,68.5
2024-03-07 15:37:43,29.4,64.5
2024-03-07 16:37:43,30.2,61.6
2024-03-07 17:37:43,29.6,65.4
2024-03-07 18:37:43,29.4,68.5
2024-03-07 19:37:43,29.4,69.5
2024-03-07 20:37:43,29.6,69.4
2024-03-07 21:37:43,29.8,69.0
2024-03-07 22:37:43,29.9,67.8
2024-03-07 23:37:43,29.7,68.6
2024-03-08 00:37:43,28.7,49.1
2024-03-08 01:37:43,28.3,51.2
2024-03-08 02:37:43,28.0,50.4
2024-03-08 03:37:43,28.0,53.2
2024-03-08 04:37:43,27.8,52.9
2024-03-08 05:37:43,28.4,56.0
2024-03-08 06:37:43,28.5,58.4
2024-03-08 07:37:43,28.9,63.2
2024-03-08 08:37:43,28.8,65.3
2024-03-08 09:37:43,28.8,72.4
2024-03-08 10:37:43,29.4,68.2
2024-03-08 11:37:43,29.6,66.7
2024-03-08 12:37:43,30.2,64.6
2024-03-08 13:37:43,30.5,56.3
2024-03-08 14:37:43,30.8,58.5
2024-03-08 15:37:43,31.1,57.5
2024-03-08 16:37:43,31.2,56.1
2024-03-08 17:37:43,31.1,60.7
2024-03-08 18:37:43,30.6,62.6
2024-03-08 19:37:43,30.3,64.6
2024-03-08 20:37:43,30.6,65.0
2024-03-08 21:37:43,30.9,66.1
2024-03-08 22:37:43,30.8,64.6
2024-03-08 23:37:43,29.9,49.3
2024-03-09 00:37:43,28.5,48.5
2024-03-09 01:37:43,28.0,47.0
2024-03-09 02:37:43,27.8,49.9
2024-03-09 03:37:43,27.4,46.5
2024-03-09 04:37:43,27.3,47.5
2024-03-09 05:37:43,28.3,53.1
2024-03-09 06:37:43,28.8,56.3
2024-03-09 07:37:43,28.7,60.0
2024-03-09 08:37:43,29.0,62.9
2024-03-09 09:37:43,29.0,64.3
2024-03-09 10:37:43,29.4,61.7
2024-03-09 11:37:43,29.8,57.7
2024-03-09 12:37:43,29.9,58.5
2024-03-09 13:37:43,31.1,56.6
2024-03-09 14:37:43,31.5,53.8
2024-03-09 15:37:43,31.8,54.0
2024-03-09 16:37:43,31.8,54.4
2024-03-09 17:37:43,31.6,59.1
2024-03-09 18:37:43,31.2,64.9
2024-03-09 19:37:43,30.9,66.0
2024-03-09 20:37:43,30.9,66.0
2024-03-09 21:37:43,30.8,65.2
2024-03-09 22:37:43,30.8,64.8
2024-03-09 23:37:43,30.7,63.5
2024-03-10 00:37:43,30.7,63.6
2024-03-10 01:37:43,30.5,63.4
2024-03-10 02:37:43,28.5,46.5
2024-03-10 03:37:43,27.9,45.9
2024-03-10 04:37:43,27.8,48.9
2024-03-10 05:37:43,28.7,53.2
2024-03-10 06:37:43,28.7,58.4
2024-03-10 07:37:43,28.8,61.2
2024-03-10 08:37:43,28.9,62.2
2024-03-10 09:37:43,29.1,63.6
2024-03-10 10:37:43,29.4,64.2
2024-03-10 11:37:43,29.8,62.3
2024-03-10 12:37:43,30.4,60.4
2024-03-10 13:37:43,30.8,57.7
2024-03-10 14:37:43,31.2,57.4
2024-03-10 15:37:43,31.1,60.8
2024-03-10 16:37:43,32.4,59.2
2024-03-10 17:37:43,32.5,59.0
2024-03-10 18:37:43,32.3,58.5
2024-03-10 19:37:43,32.1,59.9
2024-03-10 20:37:43,32.1,61.7
2024-03-10 21:37:43,32.2,60.5
2024-03-10 22:37:43,32.1,59.6
2024-03-10 23:37:43,32.4,58.8
2024-03-11 00:37:43,30.2,39.8
2024-03-11 01:37:43,29.3,42.0
2024-03-11 02:37:43,29.0,42.1
2024-03-11 03:37:43,28.8,42.8
2024-03-11 04:37:43,29.1,44.7
2024-03-11 05:37:43,29.6,49.5
2024-03-11 06:37:43,30.3,58.4
2024-03-11 07:37:43,30.6,61.7
2024-03-11 08:37:43,31.6,59.7
2024-03-11 09:37:43,31.8,59.3
2024-03-11 10:37:43,30.1,66.1
2024-03-11 11:37:43,30.6,63.9
2024-03-11 12:37:43,32.1,56.2
2024-03-11 13:37:43,31.7,56.6
2024-03-11 14:37:43,32.1,57.5
2024-03-11 15:37:43,32.0,56.0
2024-03-11 16:37:43,32.1,56.6
2024-03-11 17:37:43,32.0,58.2
2024-03-11 18:37:43,32.3,58.9
2024-03-11 19:37:43,33.4,57.6
2024-03-11 20:37:43,32.8,58.5
2024-03-11 21:37:43,31.9,60.1
2024-03-11 22:37:43,31.4,62.2
2024-03-11 23:37:43,31.4,61.5
2024-03-12 00:37:43,30.3,48.0
2024-03-12 01:37:43,29.6,41.6
2024-03-12 02:37:43,29.1,42.3
2024-03-12 03:37:43,28.7,43.3
2024-03-12 04:37:43,28.8,45.4
2024-03-12 05:37:43,29.9,49.6
2024-03-12 06:37:43,30.4,57.8
2024-03-12 07:37:43,30.3,59.4
2024-03-12 08:37:43,29.5,64.9
2024-03-12 09:37:43,29.7,62.5
2024-03-12 10:37:43,30.2,60.1
2024-03-12 11:37:43,30.3,59.3
2024-03-12 12:37:43,30.6,57.9
2024-03-12 13:37:43,31.1,54.1
2024-03-12 14:37:43,31.4,54.5
2024-03-12 15:37:43,31.2,54.6
2024-03-12 16:37:43,31.8,54.2
2024-03-12 17:37:43,31.9,55.1
2024-03-12 18:37:43,31.4,54.9
2024-03-12 19:37:43,31.5,56.6
2024-03-12 20:37:43,31.3,57.5
2024-03-12 21:37:43,31.0,54.4
2024-03-12 22:37:43,30.8,54.2
2024-03-12 23:37:43,30.5,53.7
2024-03-13 00:37:43,29.8,40.4
2024-03-13 01:37:43,28.5,42.5
2024-03-13 02:37:43,28.4,45.2
2024-03-13 03:37:43,28.2,44.6
2024-03-13 04:37:43,28.4,45.3
2024-03-13 05:37:43,28.7,49.9
2024-03-13 06:37:43,29.2,52.0
2024-03-13 07:37:43,29.2,57.3
2024-03-13 08:37:43,28.0,63.8
2024-03-13 09:37:43,29.3,58.5
2024-03-13 10:37:43,29.7,53.3
2024-03-13 11:37:43,30.4,51.0
2024-03-13 12:37:43,31.0,47.4
2024-03-13 13:37:43,30.8,53.3
2024-03-13 14:37:43,30.9,53.8
2024-03-13 15:37:43,31.4,53.3
2024-03-13 16:37:43,31.2,54.2
2024-03-13 17:37:43,31.1,55.6
2024-03-13 18:37:43,30.6,56.5
2024-03-13 19:37:43,30.5,56.3
2024-03-13 20:37:43,30.6,58.7
2024-03-13 21:37:43,30.9,57.1
2024-03-13 22:37:43,30.7,57.5
2024-03-13 23:37:43,30.5,57.7
2024-03-14 00:37:43,30.5,57.1
2024-03-14 01:37:43,28.6,43.2
2024-03-14 02:37:43,28.2,45.7
2024-03-14 03:37:43,28.2,46.4
2024-03-14 04:37:43,28.0,46.8
2024-03-14 05:37:43,28.7,50.9
2024-03-14 06:37:43,28.9,54.4
2024-03-14 07:37:43,29.0,57.2
2024-03-14 08:37:43,28.0,64.3
2024-03-14 09:37:43,29.2,59.6
2024-03-14 10:37:43,29.8,56.6
2024-03-14 11:37:43,30.8,54.0
2024-03-14 12:37:43,31.1,51.2
2024-03-14 13:37:43,31.5,48.0
2024-03-14 14:37:43,32.1,44.8
2024-03-14 15:37:43,32.1,54.0
2024-03-14 16:37:43,31.7,60.0
2024-03-14 17:37:43,31.7,57.9
2024-03-14 18:37:43,31.6,56.2
2024-03-14 19:37:43,31.4,61.0
2024-03-14 20:37:43,31.0,57.4
2024-03-14 21:37:43,30.5,57.0
2024-03-14 22:37:43,30.4,58.5
2024-03-14 23:37:43,30.3,61.2
2024-03-15 00:37:43,30.7,61.1
2024-03-15 01:37:43,30.1,41.4
2024-03-15 02:37:43,28.6,46.0
2024-03-15 03:37:43,28.0,44.8
2024-03-15 04:37:43,27.9,45.7
2024-03-15 05:37:43,28.7,52.9
2024-03-15 06:37:43,29.1,59.4
2024-03-15 07:37:43,29.2,62.8
2024-03-15 08:37:43,29.2,65.2
2024-03-15 09:37:43,28.5,66.4
2024-03-15 10:37:43,30.1,60.2
2024-03-15 11:37:43,30.6,56.9
2024-03-15 12:37:43,30.0,57.7
2024-03-15 13:37:43,29.9,62.1
2024-03-15 14:37:43,30.4,61.0
2024-03-15 15:37:43,30.4,59.3
2024-03-15 16:37:43,31.0,54.8
2024-03-15 17:37:43,31.2,59.6
2024-03-15 18:37:43,31.0,58.0
2024-03-15 19:37:43,30.4,55.6
2024-03-15 20:37:43,30.0,58.3
2024-03-15 21:37:43,30.4,58.2
2024-03-15 22:37:43,30.7,56.6
2024-03-15 23:37:43,30.7,57.2
2024-03-16 00:37:43,30.3,50.0
2024-03-16 01:37:43,30.6,53.1
2024-03-16 02:37:43,30.6,55.9
2024-03-16 03:37:43,30.0,44.9
2024-03-16 04:37:43,28.4,45.2
2024-03-16 05:37:43,29.1,52.4
2024-03-16 06:37:43,29.2,61.1
2024-03-16 07:37:43,28.9,63.9
2024-03-16 08:37:43,28.9,64.4
2024-03-16 09:37:43,29.4,63.4
2024-03-16 10:37:43,30.2,61.2
2024-03-16 11:37:43,30.6,60.3
2024-03-16 12:37:43,30.8,60.4
2024-03-16 13:37:43,30.9,63.0
2024-03-16 14:37:43,30.5,57.3
2024-03-16 15:37:43,30.5,56.5
2024-03-16 16:37:43,31.5,55.5
2024-03-16 17:37:43,31.4,59.7
2024-03-16 18:37:43,31.1,61.3
2024-03-16 19:37:43,30.9,63.5
2024-03-16 20:37:43,30.9,63.5
2024-03-16 21:37:43,30.3,65.4
2024-03-16 22:37:43,30.1,66.2
2024-03-16 23:37:43,30.2,64.9
2024-03-17 00:37:43,29.6,44.2
2024-03-17 01:37:43,28.1,46.3
2024-03-17 02:37:43,27.5,45.9
2024-03-17 03:37:43,27.5,49.9
2024-03-17 04:37:43,27.3,50.9
2024-03-17 05:37:43,28.6,53.6
2024-03-17 06:37:43,28.7,57.1
2024-03-17 07:37:43,28.7,61.0
2024-03-17 08:37:43,28.9,63.4
2024-03-17 09:37:43,29.2,62.8
2024-03-17 10:37:43,29.7,61.9
2024-03-17 11:37:43,29.8,61.7
2024-03-17 12:37:43,30.3,54.9
2024-03-17 13:37:43,30.9,50.4
2024-03-17 14:37:43,31.1,47.8
2024-03-17 15:37:43,31.3,53.1
2024-03-17 16:37:43,31.5,53.8
2024-03-17 17:37:43,31.6,57.0
2024-03-17 18:37:43,31.6,57.5
2024-03-17 19:37:43,30.8,62.9
2024-03-17 20:37:43,30.6,64.2
2024-03-17 21:37:43,29.9,44.6
2024-03-17 22:37:43,28.7,47.2
2024-03-17 23:37:43,28.1,45.7
2024-03-18 00:37:43,28.1,47.6
2024-03-18 01:37:43,28.0,48.2
2024-03-18 02:37:43,27.9,47.9
2024-03-18 03:37:43,27.9,51.4
2024-03-18 04:37:43,27.8,52.6
2024-03-18 05:37:43,28.2,55.2
2024-03-18 06:37:43,28.4,56.4
2024-03-18 07:37:43,28.7,65.7
2024-03-18 08:37:43,28.8,65.9
2024-03-18 09:37:43,29.0,63.9
2024-03-18 10:37:43,29.5,62.0
2024-03-18 11:37:43,29.7,61.9
2024-03-18 12:37:43,30.1,63.6
2024-03-18 13:37:43,30.5,62.0
2024-03-18 14:37:43,30.8,62.3
2024-03-18 15:37:43,30.7,60.8
2024-03-18 16:37:43,31.0,61.3
2024-03-18 17:37:43,31.0,61.7
2024-03-18 18:37:43,30.6,60.8
2024-03-18 19:37:43,30.1,66.2
2024-03-18 20:37:43,30.2,67.0
2024-03-18 21:37:43,30.6,66.0
2024-03-18 22:37:43,30.6,65.2
2024-03-18 23:37:43,29.1,50.8
2024-03-19 00:37:43,28.6,50.8
2024-03-19 01:37:43,28.1,50.0
2024-03-19 02:37:43,28.2,52.2
2024-03-19 03:37:43,28.2,50.2
2024-03-19 04:37:43,27.8,50.2
2024-03-19 05:37:43,28.7,54.6
2024-03-19 06:37:43,29.0,56.5
2024-03-19 07:37:43,29.1,68.4
2024-03-19 08:37:43,29.0,69.4
2024-03-19 09:37:43,29.0,69.0
2024-03-19 10:37:43,29.6,64.2
2024-03-19 11:37:43,29.9,67.3
2024-03-19 12:37:43,30.1,64.7
2024-03-19 13:37:43,30.5,62.8
2024-03-19 14:37:43,30.7,62.2
2024-03-19 15:37:43,31.2,61.5
2024-03-19 16:37:43,31.2,63.5
2024-03-19 17:37:43,30.8,65.0
2024-03-19 18:37:43,30.2,67.0
2024-03-19 19:37:43,30.0,69.2
2024-03-19 20:37:43,29.9,68.1
2024-03-19 21:37:43,30.4,66.8
2024-03-19 22:37:43,30.5,66.8
2024-03-19 23:37:43,29.1,49.0
2024-03-20 00:37:43,28.3,50.7
2024-03-20 01:37:43,28.2,48.8
2024-03-20 02:37:43,28.1,51.6
2024-03-20 03:37:43,28.1,52.1
2024-03-20 04:37:43,28.0,52.1
2024-03-20 05:37:43,28.7,56.8
2024-03-20 06:37:43,28.8,59.4
2024-03-20 07:37:43,29.3,65.0
2024-03-20 08:37:43,28.6,73.0
2024-03-20 09:37:43,28.7,71.7
2024-03-20 10:37:43,29.2,67.5
2024-03-20 11:37:43,30.1,64.3
2024-03-20 12:37:43,30.2,64.6
2024-03-20 13:37:43,30.3,65.2
2024-03-20 14:37:43,30.5,62.7
2024-03-20 15:37:43,30.9,60.6
2024-03-20 16:37:43,30.7,62.8
2024-03-20 17:37:43,30.5,64.9
2024-03-20 18:37:43,30.4,65.6
2024-03-20 19:37:43,30.7,64.5
2024-03-20 20:37:43,30.8,65.9
2024-03-20 21:37:43,30.7,65.0
2024-03-20 22:37:43,30.5,64.4
2024-03-20 23:37:43,29.5,46.1
2024-03-21 00:37:43,28.3,47.1
2024-03-21 01:37:43,28.0,48.1
2024-03-21 02:37:43,28.1,50.4
2024-03-21 03:37:43,28.0,49.8
2024-03-21 04:37:43,27.9,49.2
2024-03-21 05:37:43,28.5,54.3
2024-03-21 06:37:43,28.7,59.6
2024-03-21 07:37:43,29.6,61.8
2024-03-21 08:37:43,28.5,69.6
2024-03-21 09:37:43,29.0,63.2
2024-03-21 10:37:43,29.5,60.8
2024-03-21 11:37:43,30.5,58.2
2024-03-21 12:37:43,31.3,55.6
2024-03-21 13:37:43,31.6,53.4
2024-03-21 14:37:43,31.9,53.8
2024-03-21 15:37:43,31.2,57.0
2024-03-21 16:37:43,30.7,65.0
2024-03-21 17:37:43,31.0,64.5
2024-03-21 18:37:43,29.7,66.3
2024-03-21 19:37:43,29.1,68.2
2024-03-21 20:37:43,29.0,68.9
2024-03-21 21:37:43,29.5,66.4
2024-03-21 22:37:43,29.3,65.4
2024-03-21 23:37:43,29.5,65.6
2024-03-22 00:37:43,29.6,65.6
2024-03-22 01:37:43,29.5,66.1
2024-03-22 02:37:43,29.3,66.7
2024-03-22 03:37:43,29.2,67.1
2024-03-22 04:37:43,29.0,67.0
2024-03-22 05:37:43,29.1,67.2
2024-03-22 06:37:43,28.9,67.5
2024-03-22 07:37:43,28.8,68.2
2024-03-22 08:37:43,28.4,70.1
2024-03-22 09:37:43,28.4,69.4
2024-03-22 10:37:43,29.5,68.8
2024-03-22 11:37:43,29.1,67.4
2024-03-22 12:37:43,29.6,67.1
2024-03-22 13:37:43,29.1,70.4
2024-03-22 14:37:43,28.7,68.3
2024-03-22 15:37:43,28.9,70.9
2024-03-22 16:37:43,28.9,70.8
2024-03-22 17:37:43,28.0,74.2
2024-03-22 18:37:43,27.7,74.8
2024-03-22 19:37:43,27.8,73.7
2024-03-22 20:37:43,28.7,69.7
2024-03-22 21:37:43,28.4,70.8
2024-03-22 22:37:43,28.8,71.1
2024-03-22 23:37:43,29.3,65.7
2024-03-23 00:37:43,28.5,52.0
2024-03-23 01:37:43,27.9,55.6
2024-03-23 02:37:43,27.4,56.8
2024-03-23 03:37:43,27.4,58.2
2024-03-23 04:37:43,27.3,57.2
2024-03-23 05:37:43,27.2,60.0
2024-03-23 06:37:43,27.3,60.2
2024-03-23 07:37:43,28.1,65.0
2024-03-23 08:37:43,28.4,66.4
2024-03-23 09:37:43,27.7,71.4
2024-03-23 10:37:43,27.6,75.7
2024-03-23 11:37:43,28.1,72.8
2024-03-23 12:37:43,28.7,68.8
2024-03-23 13:37:43,29.3,69.5
2024-03-23 14:37:43,29.6,67.8
2024-03-23 15:37:43,29.6,67.7
2024-03-23 16:37:43,29.6,68.2
2024-03-23 17:37:43,29.8,68.3
2024-03-23 18:37:43,29.7,67.4
2024-03-23 19:37:43,29.8,68.3
2024-03-23 20:37:43,30.1,67.5
2024-03-23 21:37:43,28.3,48.0
2024-03-23 22:37:43,27.8,51.7
2024-03-23 23:37:43,27.5,52.6
2024-03-24 00:37:43,27.2,50.2
2024-03-24 01:37:43,27.4,51.8
2024-03-24 02:37:43,27.2,55.8
2024-03-24 03:37:43,27.1,59.2
2024-03-24 04:37:43,27.1,58.0
2024-03-24 05:37:43,27.9,62.9
2024-03-24 06:37:43,28.4,64.2
2024-03-24 07:37:43,28.6,65.2
2024-03-24 08:37:43,28.7,67.3
2024-03-24 09:37:43,28.8,68.5
2024-03-24 10:37:43,29.2,69.9
2024-03-24 11:37:43,29.6,64.2
2024-03-24 12:37:43,29.9,67.3
2024-03-24 13:37:43,30.0,63.3
2024-03-24 14:37:43,30.2,61.6
2024-03-24 15:37:43,30.4,59.7
2024-03-24 16:37:43,30.5,61.0
2024-03-24 17:37:43,30.2,63.9
2024-03-24 18:37:43,29.7,68.7
2024-03-24 19:37:43,29.6,70.1
2024-03-24 20:37:43,29.8,69.0
2024-03-24 21:37:43,29.7,68.8
2024-03-24 22:37:43,29.6,68.7
2024-03-24 23:37:43,29.4,68.0
2024-03-25 00:37:43,27.9,50.0
2024-03-25 01:37:43,27.7,52.8
2024-03-25 02:37:43,27.4,52.1
2024-03-25 03:37:43,27.5,55.1
2024-03-25 04:37:43,27.4,52.6
2024-03-25 05:37:43,27.3,52.3
2024-03-25 06:37:43,28.0,57.6
2024-03-25 07:37:43,28.3,64.5
2024-03-25 08:37:43,28.4,63.2
2024-03-25 09:37:43,28.5,68.2
2024-03-25 10:37:43,28.8,68.2
2024-03-25 11:37:43,29.3,64.8
2024-03-25 12:37:43,30.1,61.8
2024-03-25 13:37:43,30.5,64.3
2024-03-25 14:37:43,30.7,63.9
2024-03-25 15:37:43,30.0,62.3
2024-03-25 16:37:43,29.5,72.6
2024-03-25 17:37:43,28.9,76.8
2024-03-25 18:37:43,30.0,72.6
2024-03-25 19:37:43,29.8,72.6
2024-03-25 20:37:43,29.9,72.9
2024-03-25 21:37:43,29.9,66.9
2024-03-25 22:37:43,28.9,51.8
2024-03-25 23:37:43,27.9,47.9
2024-03-26 00:37:43,27.8,51.8
2024-03-26 01:37:43,27.7,52.6
2024-03-26 02:37:43,27.6,52.8
2024-03-26 03:37:43,27.6,56.9
2024-03-26 04:37:43,27.6,56.3
2024-03-26 05:37:43,27.9,60.7
2024-03-26 06:37:43,28.1,62.1
2024-03-26 07:37:43,27.6,66.4
2024-03-26 08:37:43,27.7,66.7
2024-03-26 09:37:43,27.4,66.9
2024-03-26 10:37:43,27.7,62.2
2024-03-26 11:37:43,28.6,60.3
2024-03-26 12:37:43,29.1,57.3
2024-03-26 13:37:43,29.6,55.1
2024-03-26 14:37:43,29.8,52.8
2024-03-26 15:37:43,30.3,52.1
2024-03-26 16:37:43,30.4,52.7
2024-03-26 17:37:43,30.4,51.8
2024-03-26 18:37:43,31.9,36.6
2024-03-26 19:37:43,32.4,38.0
2024-03-26 20:37:43,32.3,39.1
2024-03-26 21:37:43,31.7,37.5
2024-03-26 22:37:43,31.0,38.3
2024-03-26 23:37:43,28.9,48.2
2024-03-27 00:37:43,28.2,53.3
2024-03-27 01:37:43,28.1,55.6
2024-03-27 02:37:43,27.8,57.0
2024-03-27 03:37:43,27.7,57.9
2024-03-27 04:37:43,27.7,58.9
2024-03-27 05:37:43,27.7,58.9
2024-03-27 06:37:43,27.7,59.1
2024-03-27 07:37:43,27.6,58.8
2024-03-27 08:37:43,27.7,59.0
2024-03-27 09:37:43,26.5,49.4
2024-03-27 10:37:43,25.7,49.5
2024-03-27 11:37:43,25.4,49.1
2024-03-27 12:37:43,25.4,48.5
2024-03-27 13:37:43,25.6,49.1
2024-03-27 14:37:43,25.8,49.2
2024-03-27 15:37:43,26.1,48.0
2024-03-27 16:37:43,26.3,48.0
2024-03-27 17:37:43,26.4,47.7
2024-03-27 18:37:43,26.2,46.8
2024-03-27 19:37:43,26.2,48.0
2024-03-27 20:37:43,26.5,48.6
2024-03-27 21:37:43,26.5,49.6
2024-03-27 22:37:43,26.6,50.8
2024-03-27 23:37:43,26.4,52.3
2024-03-28 00:37:43,26.3,53.7
2024-03-28 01:37:43,26.3,54.7
2024-03-28 02:37:43,26.2,55.5
2024-03-28 03:37:43,26.0,56.2
2024-03-28 04:37:43,25.8,57.1
2024-03-28 05:37:43,25.8,57.7
2024-03-28 06:37:43,25.6,58.4
2024-03-28 07:37:43,25.5,58.9
2024-03-28 08:37:43,25.5,59.4
2024-03-28 09:37:43,25.4,59.7
2024-03-28 10:37:43,25.4,59.9
2024-03-28 11:37:43,25.5,59.9
2024-03-28 12:37:43,25.7,59.9
2024-03-28 13:37:43,26.0,60.2
2024-03-28 14:37:43,26.3,61.0
2024-03-28 15:37:43,26.8,61.1
2024-03-28 16:37:43,27.0,60.8
2024-03-28 17:37:43,27.3,61.5
2024-03-28 18:37:43,27.4,61.8
2024-03-28 19:37:43,27.2,62.6
2024-03-28 20:37:43,27.2,63.1
2024-03-28 21:37:43,27.2,63.8
2024-03-28 22:37:43,27.0,64.0
2024-03-28 23:37:43,27.0,64.4
2024-03-29 00:37:43,26.8,64.6
2024-03-29 01:37:43,26.7,64.5
2024-03-29 02:37:43,26.5,64.5
2024-03-29 03:37:43,26.4,64.6
2024-03-29 04:37:43,26.3,64.8
2024-03-29 05:37:43,26.1,65.0
2024-03-29 06:37:43,26.0,65.2
2024-03-29 07:37:43,26.0,65.4
2024-03-29 08:37:43,25.8,65.4
2024-03-29 09:37:43,25.8,65.5
2024-03-29 10:37:43,25.8,65.5
2024-03-29 11:37:43,25.9,65.5
2024-03-29 12:37:43,26.0,65.0
2024-03-29 13:37:43,26.5,65.2
2024-03-29 14:37:43,26.9,64.9
2024-03-29 15:37:43,27.3,64.8
2024-03-29 16:37:43,27.7,64.8
2024-03-29 17:37:43,27.7,64.7
2024-03-29 18:37:43,27.8,64.7
2024-03-29 19:37:43,27.8,65.2
2024-03-29 20:37:43,27.7,65.3
2024-03-29 21:37:43,27.7,65.7
2024-03-29 22:37:43,27.6,66.0
2024-03-29 23:37:43,27.5,66.3
2024-03-30 00:37:43,27.5,66.4
2024-03-30 01:37:43,27.3,66.3
2024-03-30 02:37:43,27.2,66.4
2024-03-30 03:37:43,27.2,66.4
2024-03-30 04:37:43,27.0,66.4
2024-03-30 05:37:43,26.8,66.9
2024-03-30 06:37:43,26.7,67.0
2024-03-30 07:37:43,26.5,67.3
2024-03-30 08:37:43,26.5,67.5
2024-03-30 09:37:43,26.4,67.6
2024-03-30 10:37:43,26.5,67.7
2024-03-30 11:37:43,26.7,67.5
2024-03-30 12:37:43,26.8,67.3
2024-03-30 13:37:43,27.0,67.1
2024-03-30 14:37:43,27.3,66.7
2024-03-30 15:37:43,27.7,66.2
2024-03-30 16:37:43,27.7,65.9
2024-03-30 17:37:43,27.8,65.9
2024-03-30 18:37:43,27.7,66.1
2024-03-30 19:37:43,27.5,66.8
2024-03-30 20:37:43,27.2,67.5
2024-03-30 21:37:43,27.0,68.4
2024-03-30 22:37:43,26.7,69.1
2024-03-30 23:37:43,26.5,69.7
2024-03-31 00:37:43,26.3,70.1
2024-03-31 01:37:43,26.2,70.4
2024-03-31 02:37:43,26.1,70.5
2024-03-31 03:37:43,25.9,70.6
2024-03-31 04:37:43,25.9,70.8
2024-03-31 05:37:43,25.7,70.6
2024-03-31 06:37:43,25.6,70.6
2024-03-31 07:37:43,25.5,70.9
2024-03-31 08:37:43,25.5,70.9
2024-03-31 09:37:43,25.5,70.8
2024-03-31 10:37:43,25.6,70.8
2024-03-31 11:37:43,25.7,70.6
2024-03-31 12:37:43,25.8,70.3
2024-03-31 13:37:43,26.2,69.9
2024-03-31 14:37:43,26.5,69.1
2024-03-31 15:37:43,26.9,68.1
2024-03-31 16:37:43,27.4,67.2
2024-03-31 17:37:43,27.6,66.6
2024-03-31 18:37:43,27.7,66.0
2024-03-31 19:37:43,27.7,65.7
2024-03-31 20:37:43,27.6,65.5
2024-03-31 21:37:43,27.5,65.2
2024-03-31 22:37:43,27.4,65.0
2024-03-31 23:37:43,27.3,64.9
2024-04-01 00:37:43,27.1,65.3
2024-04-01 01:37:43,26.8,65.6
2024-04-01 02:37:43,26.7,65.9
2024-04-01 03:37:43,26.5,66.1
2024-04-01 04:37:43,26.4,66.4
2024-04-01 05:37:43,26.2,66.7
2024-04-01 06:37:43,26.2,66.9
2024-04-01 07:37:43,25.9,66.7
2024-04-01 08:37:43,25.5,61.8
2024-04-01 09:37:43,25.4,58.4
2024-04-01 10:37:43,25.4,56.9
2024-04-01 11:37:43,25.5,55.8
2024-04-01 12:37:43,25.8,55.2
2024-04-01 13:37:43,25.8,53.6
2024-04-01 14:37:43,26.2,52.8
2024-04-01 15:37:43,26.5,51.3
2024-04-01 16:37:43,26.7,50.0
2024-04-01 17:37:43,26.8,50.0
2024-04-01 18:37:43,26.8,49.1
2024-04-01 19:37:43,26.6,47.8
2024-04-01 20:37:43,26.6,48.8
2024-04-01 21:37:43,26.4,48.8
2024-04-01 22:37:43,26.4,50.2
2024-04-01 23:37:43,26.6,50.7
2024-04-02 00:37:43,26.4,52.1
2024-04-02 01:37:43,26.3,53.4
2024-04-02 02:37:43,26.2,54.7
2024-04-02 03:37:43,26.1,55.7
2024-04-02 04:37:43,26.0,56.9
2024-04-02 05:37:43,25.9,57.8
2024-04-02 06:37:43,25.8,58.7
2024-04-02 07:37:43,25.6,57.8
2024-04-02 08:37:43,25.3,52.9
2024-04-02 09:37:43,25.1,52.4
2024-04-02 10:37:43,25.2,50.9
2024-04-02 11:37:43,25.2,50.5
2024-04-02 12:37:43,25.1,52.2
2024-04-02 13:37:43,25.5,55.4
2024-04-02 14:37:43,26.0,56.1
2024-04-02 15:37:43,26.4,57.6
2024-04-02 16:37:43,26.7,61.4
2024-04-02 17:37:43,26.9,58.5
2024-04-02 18:37:43,26.8,52.3
2024-04-02 19:37:43,26.6,48.7
2024-04-02 20:37:43,26.3,47.5
2024-04-02 21:37:43,26.1,47.6
2024-04-02 22:37:43,26.1,51.2
2024-04-02 23:37:43,26.0,53.0
2024-04-03 00:37:43,26.1,54.2
2024-04-03 01:37:43,26.1,54.8
2024-04-03 02:37:43,26.1,55.5
2024-04-03 03:37:43,26.0,56.4
2024-04-03 04:37:43,25.9,57.3
2024-04-03 05:37:43,25.8,58.2
2024-04-03 06:37:43,25.8,58.9
2024-04-03 07:37:43,25.7,59.2
2024-04-03 08:37:43,25.6,51.7
2024-04-03 09:37:43,25.3,48.0
2024-04-03 10:37:43,25.1,49.4
2024-04-03 11:37:43,25.1,49.5
2024-04-03 12:37:43,25.5,50.6
2024-04-03 13:37:43,25.5,50.2
2024-04-03 14:37:43,25.8,50.1
2024-04-03 15:37:43,26.0,50.5
2024-04-03 16:37:43,26.2,49.6
2024-04-03 17:37:43,26.4,50.5
2024-04-03 18:37:43,26.4,49.5
2024-04-03 19:37:43,26.2,49.3
2024-04-03 20:37:43,26.1,48.9
2024-04-03 21:37:43,25.9,49.8
2024-04-03 22:37:43,26.0,51.9
2024-04-03 23:37:43,26.1,53.2
2024-04-04 00:37:43,26.2,54.2
2024-04-04 01:37:43,26.3,55.1
2024-04-04 02:37:43,26.3,56.1
2024-04-04 03:37:43,26.4,57.0
2024-04-04 04:37:43,26.3,58.7
2024-04-04 05:37:43,26.2,59.7
2024-04-04 06:37:43,26.2,60.8
2024-04-04 07:37:43,26.1,58.4
2024-04-04 08:37:43,26.1,52.4
2024-04-04 09:37:43,26.1,51.2
2024-04-04 10:37:43,26.2,54.5
2024-04-04 11:37:43,26.3,54.4
2024-04-04 12:37:43,26.4,57.4
2024-04-04 13:37:43,26.5,57.1
2024-04-04 14:37:43,26.7,58.9
2024-04-04 15:37:43,27.4,64.8
