Test Report,,,,,
,,,,,
>>Start Time: 02/09/24 12:37:43       End Time: 04/04/24 15:37:43,,,,,
>>Sampling rate: 3600sec,,,,,
>>Data number: 1324,,,,,
>>Temp HIGH alarm: 40 C   Temp LOW alarm: 0 C,,,,,
>>RH HIGH alarm: 97 %RH   RH LOW alarm: 30 %RH,,,,,
>>Temp MAX: 33.4 C @03/11/24 19:37:43  Temp MIN: 24.4 C @02/09/24 12:37:43  Temp AVG: 28.27 C,,,,,
>>RH MAX: 76.8 %RH @03/25/24 17:37:43  RH MIN: 36.6 %RH @03/26/24 18:37:43  RH AVG: 59.80 %RH,,,,,
----------------------------------------------------------------------------------------------------,,,,,
NO,Temp,,RH,,TIME
1,24.4 C,,55.8 %RH,,02/09/24 12:37:43
2,25.7 C,,50.7 %RH,,02/09/24 13:37:43
3,26.3 C,,50.6 %RH,,02/09/24 14:37:43
4,27.0 C,,51.6 %RH,,02/09/24 15:37:43
5,26.6 C,,50.7 %RH,,02/09/24 16:37:43
6,26.1 C,,52.7 %RH,,02/09/24 17:37:43
7,26.1 C,,51.0 %RH,,02/09/24 18:37:43
8,27.1 C,,51.5 %RH,,02/09/24 19:37:43
9,27.3 C,,51.3 %RH,,02/09/24 20:37:43
10,26.6 C,,52.3 %RH,,02/09/24 21:37:43
11,26.3 C,,52.8 %RH,,02/09/24 22:37:43
12,25.9 C,,53.5 %RH,,02/09/24 23:37:43
13,25.7 C,,53.8 %RH,,02/10/24 0:37:43
14,25.6 C,,54.5 %RH,,02/10/24 1:37:43
15,25.6 C,,55.1 %RH,,02/10/24 2:37:43
16,25.4 C,,55.8 %RH,,02/10/24 3:37:43
17,25.4 C,,56.5 %RH,,02/10/24 4:37:43
18,25.4 C,,57.0 %RH,,02/10/24 5:37:43
19,25.4 C,,57.5 %RH,,02/10/24 6:37:43
20,25.5 C,,58.5 %RH,,02/10/24 7:37:43
21,25.7 C,,57.2 %RH,,02/10/24 8:37:43
22,25.7 C,,56.5 %RH,,02/10/24 9:37:43
23,25.9 C,,57.3 %RH,,02/10/24 10:37:43
24,26.8 C,,55.4 %RH,,02/10/24 11:37:43
25,26.5 C,,58.3 %RH,,02/10/24 12:37:43
26,27.1 C,,58.5 %RH,,02/10/24 13:37:43
27,27.6 C,,56.2 %RH,,02/10/24 14:37:43
28,27.6 C,,58.9 %RH,,02/10/24 15:37:43
29,27.5 C,,60.4 %RH,,02/10/24 16:37:43
30,27.6 C,,61.1 %RH,,02/10/24 17:37:43
31,27.4 C,,57.1 %RH,,02/10/24 18:37:43
32,27.1 C,,58.5 %RH,,02/10/24 19:37:43
33,27.2 C,,59.3 %RH,,02/10/24 20:37:43
34,26.9 C,,59.6 %RH,,02/10/24 21:37:43
35,27.4 C,,58.9 %RH,,02/10/24 22:37:43
36,27.2 C,,60.4 %RH,,02/10/24 23:37:43
37,26.8 C,,57.7 %RH,,02/11/24 0:37:43
38,25.6 C,,59.4 %RH,,02/11/24 1:37:43
39,25.2 C,,60.6 %RH,,02/11/24 2:37:43
40,25.1 C,,65.7 %RH,,02/11/24 3:37:43
41,25.0 C,,66.4 %RH,,02/11/24 4:37:43
42,25.3 C,,64.3 %RH,,02/11/24 5:37:43
43,25.6 C,,62.2 %RH,,02/11/24 6:37:43
44,25.5 C,,62.6 %RH,,02/11/24 7:37:43
45,25.6 C,,64.1 %RH,,02/11/24 8:37:43
46,25.6 C,,62.6 %RH,,02/11/24 9:37:43
47,26.1 C,,60.0 %RH,,02/11/24 10:37:43
48,26.5 C,,58.0 %RH,,02/11/24 11:37:43
49,27.0 C,,54.7 %RH,,02/11/24 12:37:43
50,27.4 C,,53.6 %RH,,02/11/24 13:37:43
51,28.1 C,,52.8 %RH,,02/11/24 14:37:43
52,28.8 C,,50.3 %RH,,02/11/24 15:37:43
53,29.4 C,,46.1 %RH,,02/11/24 16:37:43
54,29.5 C,,47.7 %RH,,02/11/24 17:37:43
55,29.1 C,,57.0 %RH,,02/11/24 18:37:43
56,28.9 C,,59.4 %RH,,02/11/24 19:37:43
57,28.5 C,,54.5 %RH,,02/11/24 20:37:43
58,28.3 C,,56.6 %RH,,02/11/24 21:37:43
59,28.1 C,,56.8 %RH,,02/11/24 22:37:43
60,28.4 C,,58.2 %RH,,02/11/24 23:37:43
61,26.7 C,,57.0 %RH,,02/12/24 0:37:43
62,25.9 C,,58.9 %RH,,02/12/24 1:37:43
63,25.7 C,,62.1 %RH,,02/12/24 2:37:43
64,25.7 C,,63.3 %RH,,02/12/24 3:37:43
65,25.4 C,,66.9 %RH,,02/12/24 4:37:43
66,25.9 C,,65.0 %RH,,02/12/24 5:37:43
67,26.2 C,,64.4 %RH,,02/12/24 6:37:43
68,26.3 C,,65.5 %RH,,02/12/24 7:37:43
69,26.2 C,,66.4 %RH,,02/12/24 8:37:43
70,26.5 C,,66.9 %RH,,02/12/24 9:37:43
71,27.0 C,,68.3 %RH,,02/12/24 10:37:43
72,27.4 C,,65.8 %RH,,02/12/24 11:37:43
73,27.8 C,,63.0 %RH,,02/12/24 12:37:43
74,28.3 C,,65.4 %RH,,02/12/24 13:37:43
75,28.9 C,,65.3 %RH,,02/12/24 14:37:43
76,29.2 C,,62.2 %RH,,02/12/24 15:37:43
77,29.5 C,,63.8 %RH,,02/12/24 16:37:43
78,29.6 C,,63.2 %RH,,02/12/24 17:37:43
79,29.2 C,,65.3 %RH,,02/12/24 18:37:43
80,29.0 C,,67.7 %RH,,02/12/24 19:37:43
81,29.0 C,,68.0 %RH,,02/12/24 20:37:43
82,28.9 C,,68.8 %RH,,02/12/24 21:37:43
83,28.6 C,,67.3 %RH,,02/12/24 22:37:43
84,27.9 C,,56.4 %RH,,02/12/24 23:37:43
85,27.6 C,,58.7 %RH,,02/13/24 00:37:43
86,27.5 C,,60.7 %RH,,02/13/24 01:37:43
87,27.3 C,,53.2 %RH,,02/13/24 02:37:43
88,26.4 C,,54.2 %RH,,02/13/24 03:37:43
89,26.2 C,,52.9 %RH,,02/13/24 04:37:43
90,26.9 C,,59.6 %RH,,02/13/24 05:37:43
91,27.3 C,,67.1 %RH,,02/13/24 06:37:43
92,27.0 C,,70.0 %RH,,02/13/24 07:37:43
93,27.1 C,,70.2 %RH,,02/13/24 08:37:43
94,27.5 C,,71.7 %RH,,02/13/24 09:37:43
95,27.6 C,,71.5 %RH,,02/13/24 10:37:43
96,28.0 C,,69.6 %RH,,02/13/24 11:37:43
97,28.4 C,,68.5 %RH,,02/13/24 12:37:43
98,28.7 C,,67.4 %RH,,02/13/24 13:37:43
99,28.8 C,,67.2 %RH,,02/13/24 14:37:43
100,29.2 C,,65.8 %RH,,02/13/24 15:37:43
101,29.4 C,,63.5 %RH,,02/13/24 16:37:43
102,29.4 C,,62.9 %RH,,02/13/24 17:37:43
103,29.3 C,,64.2 %RH,,02/13/24 18:37:43
104,29.0 C,,67.0 %RH,,02/13/24 19:37:43
105,29.0 C,,67.0 %RH,,02/13/24 20:37:43
106,29.1 C,,67.4 %RH,,02/13/24 21:37:43
107,29.3 C,,66.7 %RH,,02/13/24 22:37:43
108,29.1 C,,66.6 %RH,,02/13/24 23:37:43
109,26.9 C,,50.8 %RH,,02/14/24 00:37:43
110,26.1 C,,50.3 %RH,,02/14/24 01:37:43
111,26.1 C,,55.0 %RH,,02/14/24 02:37:43
112,26.2 C,,55.4 %RH,,02/14/24 03:37:43
113,26.1 C,,53.7 %RH,,02/14/24 04:37:43
114,26.9 C,,59.6 %RH,,02/14/24 05:37:43
115,26.9 C,,65.0 %RH,,02/14/24 06:37:43
116,27.3 C,,69.4 %RH,,02/14/24 07:37:43
117,27.3 C,,67.1 %RH,,02/14/24 08:37:43
118,27.6 C,,70.6 %RH,,02/14/24 09:37:43
119,27.7 C,,69.9 %RH,,02/14/24 10:37:43
120,27.9 C,,66.8 %RH,,02/14/24 11:37:43
121,28.1 C,,64.2 %RH,,02/14/24 12:37:43
122,28.4 C,,62.0 %RH,,02/14/24 13:37:43
123,28.7 C,,59.6 %RH,,02/14/24 14:37:43
124,29.0 C,,59.1 %RH,,02/14/24 15:37:43
125,29.4 C,,60.3 %RH,,02/14/24 16:37:43
126,29.7 C,,59.4 %RH,,02/14/24 17:37:43
127,29.8 C,,60.6 %RH,,02/14/24 18:37:43
128,29.7 C,,63.4 %RH,,02/14/24 19:37:43
129,29.6 C,,66.9 %RH,,02/14/24 20:37:43
130,29.5 C,,67.6 %RH,,02/14/24 21:37:43
131,29.5 C,,65.7 %RH,,02/14/24 22:37:43
132,27.2 C,,48.1 %RH,,02/14/24 23:37:43
133,26.4 C,,50.3 %RH,,02/15/24 00:37:43
134,25.9 C,,50.5 %RH,,02/15/24 01:37:43
135,26.0 C,,52.1 %RH,,02/15/24 02:37:43
136,26.0 C,,53.5 %RH,,02/15/24 03:37:43
137,26.1 C,,54.4 %RH,,02/15/24 04:37:43
138,26.7 C,,60.4 %RH,,02/15/24 05:37:43
139,27.1 C,,64.3 %RH,,02/15/24 06:37:43
140,27.3 C,,68.8 %RH,,02/15/24 07:37:43
141,26.9 C,,72.9 %RH,,02/15/24 08:37:43
142,27.1 C,,70.9 %RH,,02/15/24 09:37:43
143,27.7 C,,67.0 %RH,,02/15/24 10:37:43
144,28.4 C,,60.8 %RH,,02/15/24 11:37:43
145,29.0 C,,57.1 %RH,,02/15/24 12:37:43
146,29.4 C,,55.2 %RH,,02/15/24 13:37:43
147,29.9 C,,57.3 %RH,,02/15/24 14:37:43
148,30.7 C,,54.4 %RH,,02/15/24 15:37:43
149,31.7 C,,50.6 %RH,,02/15/24 16:37:43
150,31.8 C,,51.7 %RH,,02/15/24 17:37:43
151,31.2 C,,56.1 %RH,,02/15/24 18:37:43
152,30.8 C,,61.5 %RH,,02/15/24 19:37:43
153,30.9 C,,61.3 %RH,,02/15/24 20:37:43
154,29.4 C,,40.1 %RH,,02/15/24 21:37:43
155,28.4 C,,46.0 %RH,,02/15/24 22:37:43
156,28.1 C,,46.7 %RH,,02/15/24 23:37:43
157,27.9 C,,46.3 %RH,,02/16/24 00:37:43
158,27.6 C,,47.6 %RH,,02/16/24 01:37:43
159,27.4 C,,47.3 %RH,,02/16/24 02:37:43
160,27.7 C,,49.9 %RH,,02/16/24 03:37:43
161,27.5 C,,48.2 %RH,,02/16/24 04:37:43
162,28.3 C,,53.3 %RH,,02/16/24 05:37:43
163,28.5 C,,56.5 %RH,,02/16/24 06:37:43
164,28.6 C,,58.5 %RH,,02/16/24 07:37:43
165,28.6 C,,59.7 %RH,,02/16/24 08:37:43
166,28.6 C,,61.9 %RH,,02/16/24 09:37:43
167,28.8 C,,60.3 %RH,,02/16/24 10:37:43
168,29.3 C,,56.8 %RH,,02/16/24 11:37:43
169,30.0 C,,52.9 %RH,,02/16/24 12:37:43
170,29.7 C,,50.6 %RH,,02/16/24 13:37:43
171,30.1 C,,56.2 %RH,,02/16/24 14:37:43
172,30.4 C,,54.9 %RH,,02/16/24 15:37:43
173,30.6 C,,53.2 %RH,,02/16/24 16:37:43
174,30.6 C,,56.9 %RH,,02/16/24 17:37:43
175,30.2 C,,63.8 %RH,,02/16/24 18:37:43
176,30.3 C,,64.5 %RH,,02/16/24 19:37:43
177,29.9 C,,64.9 %RH,,02/16/24 20:37:43
178,29.7 C,,68.4 %RH,,02/16/24 21:37:43
179,28.9 C,,69.0 %RH,,02/16/24 22:37:43
180,28.7 C,,69.4 %RH,,02/16/24 23:37:43
181,28.2 C,,49.3 %RH,,02/17/24 00:37:43
182,27.4 C,,49.8 %RH,,02/17/24 01:37:43
183,26.8 C,,49.9 %RH,,02/17/24 02:37:43
184,26.7 C,,52.4 %RH,,02/17/24 03:37:43
185,26.6 C,,52.7 %RH,,02/17/24 04:37:43
186,27.2 C,,57.6 %RH,,02/17/24 05:37:43
187,27.6 C,,63.8 %RH,,02/17/24 06:37:43
188,27.7 C,,66.4 %RH,,02/17/24 07:37:43
189,27.6 C,,66.9 %RH,,02/17/24 08:37:43
190,27.7 C,,68.5 %RH,,02/17/24 09:37:43
191,28.0 C,,74.1 %RH,,02/17/24 10:37:43
192,27.9 C,,70.0 %RH,,02/17/24 11:37:43
193,28.4 C,,71.4 %RH,,02/17/24 12:37:43
194,28.7 C,,68.4 %RH,,02/17/24 13:37:43
195,29.0 C,,69.1 %RH,,02/17/24 14:37:43
196,29.2 C,,68.1 %RH,,02/17/24 15:37:43
197,29.3 C,,68.5 %RH,,02/17/24 16:37:43
198,29.7 C,,66.3 %RH,,02/17/24 17:37:43
199,29.4 C,,66.7 %RH,,02/17/24 18:37:43
200,28.9 C,,69.8 %RH,,02/17/24 19:37:43
201,28.6 C,,70.5 %RH,,02/17/24 20:37:43
202,28.9 C,,71.0 %RH,,02/17/24 21:37:43
203,28.8 C,,70.8 %RH,,02/17/24 22:37:43
204,28.7 C,,70.6 %RH,,02/17/24 23:37:43
205,28.7 C,,71.0 %RH,,02/18/24 00:37:43
206,28.4 C,,72.2 %RH,,02/18/24 01:37:43
207,28.2 C,,72.7 %RH,,02/18/24 02:37:43
208,28.2 C,,72.4 %RH,,02/18/24 03:37:43
209,28.0 C,,73.2 %RH,,02/18/24 04:37:43
210,28.1 C,,72.8 %RH,,02/18/24 05:37:43
211,27.7 C,,72.8 %RH,,02/18/24 06:37:43
212,27.5 C,,72.2 %RH,,02/18/24 07:37:43
213,27.3 C,,73.6 %RH,,02/18/24 08:37:43
214,27.3 C,,75.6 %RH,,02/18/24 09:37:43
215,27.9 C,,74.2 %RH,,02/18/24 10:37:43
216,28.8 C,,66.8 %RH,,02/18/24 11:37:43
217,28.9 C,,65.7 %RH,,02/18/24 12:37:43
218,29.0 C,,67.5 %RH,,02/18/24 13:37:43
219,29.6 C,,64.6 %RH,,02/18/24 14:37:43
220,29.7 C,,62.5 %RH,,02/18/24 15:37:43
221,29.8 C,,61.7 %RH,,02/18/24 16:37:43
222,29.6 C,,63.3 %RH,,02/18/24 17:37:43
223,29.2 C,,63.5 %RH,,02/18/24 18:37:43
224,29.3 C,,67.0 %RH,,02/18/24 19:37:43
225,29.2 C,,52.6 %RH,,02/18/24 20:37:43
226,27.0 C,,48.5 %RH,,02/18/24 21:37:43
227,26.7 C,,56.1 %RH,,02/18/24 22:37:43
228,26.2 C,,50.3 %RH,,02/18/24 23:37:43
229,26.0 C,,52.6 %RH,,02/19/24 00:37:43
230,25.8 C,,53.3 %RH,,02/19/24 01:37:43
231,26.0 C,,57.2 %RH,,02/19/24 02:37:43
232,26.0 C,,54.7 %RH,,02/19/24 03:37:43
233,26.0 C,,58.6 %RH,,02/19/24 04:37:43
234,26.6 C,,60.1 %RH,,02/19/24 05:37:43
235,27.1 C,,64.8 %RH,,02/19/24 06:37:43
236,27.1 C,,71.7 %RH,,02/19/24 07:37:43
237,26.7 C,,74.3 %RH,,02/19/24 08:37:43
238,27.0 C,,75.1 %RH,,02/19/24 09:37:43
239,27.2 C,,71.8 %RH,,02/19/24 10:37:43
240,28.1 C,,62.0 %RH,,02/19/24 11:37:43
241,28.7 C,,61.6 %RH,,02/19/24 12:37:43
242,29.1 C,,56.6 %RH,,02/19/24 13:37:43
243,29.4 C,,56.8 %RH,,02/19/24 14:37:43
244,29.6 C,,56.3 %RH,,02/19/24 15:37:43
245,29.8 C,,58.9 %RH,,02/19/24 16:37:43
246,29.8 C,,61.0 %RH,,02/19/24 17:37:43
247,29.5 C,,63.2 %RH,,02/19/24 18:37:43
248,29.1 C,,66.0 %RH,,02/19/24 19:37:43
249,29.3 C,,66.6 %RH,,02/19/24 20:37:43
250,29.6 C,,65.7 %RH,,02/19/24 21:37:43
251,29.2 C,,66.6 %RH,,02/19/24 22:37:43
252,29.1 C,,66.4 %RH,,02/19/24 23:37:43
253,29.0 C,,67.1 %RH,,02/20/24 00:37:43
254,28.9 C,,67.5 %RH,,02/20/24 01:37:43
255,28.9 C,,67.2 %RH,,02/20/24 02:37:43
256,28.6 C,,67.2 %RH,,02/20/24 03:37:43
257,28.5 C,,66.9 %RH,,02/20/24 04:37:43
258,28.3 C,,67.0 %RH,,02/20/24 05:37:43
259,28.1 C,,67.3 %RH,,02/20/24 06:37:43
260,28.0 C,,67.0 %RH,,02/20/24 07:37:43
261,27.4 C,,69.7 %RH,,02/20/24 08:37:43
262,27.7 C,,71.9 %RH,,02/20/24 09:37:43
263,28.0 C,,70.4 %RH,,02/20/24 10:37:43
264,28.4 C,,65.8 %RH,,02/20/24 11:37:43
265,29.0 C,,64.4 %RH,,02/20/24 12:37:43
266,29.3 C,,62.3 %RH,,02/20/24 13:37:43
267,29.7 C,,61.5 %RH,,02/20/24 14:37:43
268,29.7 C,,60.6 %RH,,02/20/24 15:37:43
269,30.0 C,,59.8 %RH,,02/20/24 16:37:43
270,29.9 C,,62.0 %RH,,02/20/24 17:37:43
271,29.4 C,,65.8 %RH,,02/20/24 18:37:43
272,29.2 C,,66.8 %RH,,02/20/24 19:37:43
273,29.0 C,,67.5 %RH,,02/20/24 20:37:43
274,29.2 C,,68.2 %RH,,02/20/24 21:37:43
275,29.3 C,,66.7 %RH,,02/20/24 22:37:43
276,29.3 C,,67.3 %RH,,02/20/24 23:37:43
277,29.1 C,,68.2 %RH,,02/21/24 00:37:43
278,28.5 C,,65.2 %RH,,02/21/24 01:37:43
279,28.1 C,,67.0 %RH,,02/21/24 02:37:43
280,28.1 C,,65.3 %RH,,02/21/24 03:37:43
281,27.9 C,,65.2 %RH,,02/21/24 04:37:43
282,27.7 C,,67.3 %RH,,02/21/24 05:37:43
283,27.5 C,,68.5 %RH,,02/21/24 06:37:43
284,27.4 C,,70.3 %RH,,02/21/24 07:37:43
285,26.7 C,,72.4 %RH,,02/21/24 08:37:43
286,26.9 C,,71.0 %RH,,02/21/24 09:37:43
287,27.2 C,,66.8 %RH,,02/21/24 10:37:43
288,27.3 C,,65.7 %RH,,02/21/24 11:37:43
289,27.6 C,,63.6 %RH,,02/21/24 12:37:43
290,27.9 C,,63.4 %RH,,02/21/24 13:37:43
291,28.3 C,,60.5 %RH,,02/21/24 14:37:43
292,28.4 C,,59.3 %RH,,02/21/24 15:37:43
293,28.1 C,,59.8 %RH,,02/21/24 16:37:43
294,28.0 C,,60.1 %RH,,02/21/24 17:37:43
295,27.4 C,,60.5 %RH,,02/21/24 18:37:43
296,27.0 C,,62.3 %RH,,02/21/24 19:37:43
297,26.9 C,,61.9 %RH,,02/21/24 20:37:43
298,27.0 C,,64.2 %RH,,02/21/24 21:37:43
299,27.4 C,,64.8 %RH,,02/21/24 22:37:43
300,27.2 C,,64.5 %RH,,02/21/24 23:37:43
301,27.1 C,,65.6 %RH,,02/22/24 00:37:43
302,27.0 C,,64.6 %RH,,02/22/24 01:37:43
303,26.7 C,,64.2 %RH,,02/22/24 02:37:43
304,26.5 C,,61.6 %RH,,02/22/24 03:37:43
305,26.3 C,,59.9 %RH,,02/22/24 04:37:43
306,26.1 C,,56.6 %RH,,02/22/24 05:37:43
307,25.7 C,,54.9 %RH,,02/22/24 06:37:43
308,25.7 C,,57.2 %RH,,02/22/24 07:37:43
309,25.6 C,,54.7 %RH,,02/22/24 08:37:43
310,25.2 C,,52.4 %RH,,02/22/24 09:37:43
311,25.8 C,,50.6 %RH,,02/22/24 10:37:43
312,26.7 C,,50.1 %RH,,02/22/24 11:37:43
313,27.3 C,,49.5 %RH,,02/22/24 12:37:43
314,27.7 C,,46.2 %RH,,02/22/24 13:37:43
315,28.1 C,,44.6 %RH,,02/22/24 14:37:43
316,28.4 C,,47.1 %RH,,02/22/24 15:37:43
317,28.3 C,,48.8 %RH,,02/22/24 16:37:43
318,28.2 C,,48.3 %RH,,02/22/24 17:37:43
319,27.3 C,,47.3 %RH,,02/22/24 18:37:43
320,26.7 C,,48.9 %RH,,02/22/24 19:37:43
321,27.2 C,,48.7 %RH,,02/22/24 20:37:43
322,27.2 C,,49.3 %RH,,02/22/24 21:37:43
323,27.3 C,,48.9 %RH,,02/22/24 22:37:43
324,27.1 C,,43.7 %RH,,02/22/24 23:37:43
325,26.0 C,,50.2 %RH,,02/23/24 00:37:43
326,25.6 C,,47.0 %RH,,02/23/24 01:37:43
327,25.6 C,,50.5 %RH,,02/23/24 02:37:43
328,25.5 C,,48.8 %RH,,02/23/24 03:37:43
329,25.3 C,,49.1 %RH,,02/23/24 04:37:43
330,25.8 C,,54.8 %RH,,02/23/24 05:37:43
331,25.8 C,,55.6 %RH,,02/23/24 06:37:43
332,25.6 C,,57.3 %RH,,02/23/24 07:37:43
333,24.9 C,,58.5 %RH,,02/23/24 08:37:43
334,25.1 C,,58.7 %RH,,02/23/24 09:37:43
335,25.7 C,,52.9 %RH,,02/23/24 10:37:43
336,26.3 C,,49.9 %RH,,02/23/24 11:37:43
337,26.8 C,,47.7 %RH,,02/23/24 12:37:43
338,27.3 C,,48.0 %RH,,02/23/24 13:37:43
339,27.7 C,,50.3 %RH,,02/23/24 14:37:43
340,28.1 C,,51.2 %RH,,02/23/24 15:37:43
341,28.1 C,,52.1 %RH,,02/23/24 16:37:43
342,28.4 C,,52.1 %RH,,02/23/24 17:37:43
343,28.0 C,,54.0 %RH,,02/23/24 18:37:43
344,28.0 C,,57.4 %RH,,02/23/24 19:37:43
345,28.4 C,,58.4 %RH,,02/23/24 20:37:43
346,28.2 C,,57.2 %RH,,02/23/24 21:37:43
347,28.0 C,,56.3 %RH,,02/23/24 22:37:43
348,27.8 C,,55.8 %RH,,02/23/24 23:37:43
349,27.7 C,,56.5 %RH,,02/24/24 00:37:43
350,27.3 C,,57.6 %RH,,02/24/24 01:37:43
351,27.3 C,,58.5 %RH,,02/24/24 02:37:43
352,27.1 C,,59.1 %RH,,02/24/24 03:37:43
353,26.9 C,,59.4 %RH,,02/24/24 04:37:43
354,26.5 C,,60.2 %RH,,02/24/24 05:37:43
355,26.2 C,,60.6 %RH,,02/24/24 06:37:43
356,25.9 C,,61.2 %RH,,02/24/24 07:37:43
357,26.0 C,,61.8 %RH,,02/24/24 08:37:43
358,26.4 C,,62.8 %RH,,02/24/24 09:37:43
359,26.6 C,,61.8 %RH,,02/24/24 10:37:43
360,27.3 C,,52.6 %RH,,02/24/24 11:37:43
361,27.8 C,,50.3 %RH,,02/24/24 12:37:43
362,28.4 C,,48.8 %RH,,02/24/24 13:37:43
363,28.9 C,,48.0 %RH,,02/24/24 14:37:43
364,29.2 C,,48.7 %RH,,02/24/24 15:37:43
365,29.3 C,,55.0 %RH,,02/24/24 16:37:43
366,29.6 C,,54.5 %RH,,02/24/24 17:37:43
367,28.9 C,,60.0 %RH,,02/24/24 18:37:43
368,28.6 C,,64.6 %RH,,02/24/24 19:37:43
369,28.5 C,,65.7 %RH,,02/24/24 20:37:43
370,28.8 C,,65.0 %RH,,02/24/24 21:37:43
371,28.7 C,,64.2 %RH,,02/24/24 22:37:43
372,28.5 C,,63.1 %RH,,02/24/24 23:37:43
373,28.2 C,,64.0 %RH,,02/25/24 00:37:43
374,26.3 C,,49.1 %RH,,02/25/24 01:37:43
375,26.2 C,,51.5 %RH,,02/25/24 02:37:43
376,26.2 C,,51.9 %RH,,02/25/24 03:37:43
377,26.3 C,,54.6 %RH,,02/25/24 04:37:43
378,26.6 C,,57.1 %RH,,02/25/24 05:37:43
379,26.8 C,,58.5 %RH,,02/25/24 06:37:43
380,26.8 C,,61.8 %RH,,02/25/24 07:37:43
381,26.7 C,,60.4 %RH,,02/25/24 08:37:43
382,26.9 C,,64.6 %RH,,02/25/24 09:37:43
383,27.3 C,,63.5 %RH,,02/25/24 10:37:43
384,28.2 C,,57.8 %RH,,02/25/24 11:37:43
385,28.8 C,,57.4 %RH,,02/25/24 12:37:43
386,29.3 C,,58.5 %RH,,02/25/24 13:37:43
387,29.4 C,,61.4 %RH,,02/25/24 14:37:43
388,29.6 C,,57.0 %RH,,02/25/24 15:37:43
389,29.8 C,,55.8 %RH,,02/25/24 16:37:43
390,30.0 C,,57.7 %RH,,02/25/24 17:37:43
391,29.6 C,,57.5 %RH,,02/25/24 18:37:43
392,29.6 C,,58.6 %RH,,02/25/24 19:37:43
393,29.5 C,,57.8 %RH,,02/25/24 20:37:43
394,28.8 C,,44.2 %RH,,02/25/24 21:37:43
395,26.9 C,,46.1 %RH,,02/25/24 22:37:43
396,26.5 C,,47.6 %RH,,02/25/24 23:37:43
397,26.3 C,,49.3 %RH,,02/26/24 00:37:43
398,26.3 C,,50.7 %RH,,02/26/24 01:37:43
399,26.2 C,,50.9 %RH,,02/26/24 02:37:43
400,26.0 C,,53.7 %RH,,02/26/24 03:37:43
401,25.9 C,,54.1 %RH,,02/26/24 04:37:43
402,26.5 C,,57.2 %RH,,02/26/24 05:37:43
403,26.7 C,,60.8 %RH,,02/26/24 06:37:43
404,26.9 C,,63.0 %RH,,02/26/24 07:37:43
405,27.1 C,,64.8 %RH,,02/26/24 08:37:43
406,27.3 C,,66.2 %RH,,02/26/24 09:37:43
407,27.7 C,,63.9 %RH,,02/26/24 10:37:43
408,28.4 C,,60.4 %RH,,02/26/24 11:37:43
409,28.8 C,,54.7 %RH,,02/26/24 12:37:43
410,29.1 C,,54.4 %RH,,02/26/24 13:37:43
411,29.4 C,,61.4 %RH,,02/26/24 14:37:43
412,29.6 C,,57.9 %RH,,02/26/24 15:37:43
413,29.8 C,,59.3 %RH,,02/26/24 16:37:43
414,30.0 C,,59.1 %RH,,02/26/24 17:37:43
415,29.6 C,,64.6 %RH,,02/26/24 18:37:43
416,29.3 C,,66.8 %RH,,02/26/24 19:37:43
417,29.3 C,,68.9 %RH,,02/26/24 20:37:43
418,29.4 C,,68.9 %RH,,02/26/24 21:37:43
419,29.2 C,,67.3 %RH,,02/26/24 22:37:43
420,28.6 C,,51.8 %RH,,02/26/24 23:37:43
421,26.8 C,,53.7 %RH,,02/27/24 00:37:43
422,26.5 C,,51.4 %RH,,02/27/24 01:37:43
423,26.4 C,,55.4 %RH,,02/27/24 02:37:43
424,26.4 C,,55.2 %RH,,02/27/24 03:37:43
425,26.4 C,,57.7 %RH,,02/27/24 04:37:43
426,26.8 C,,58.4 %RH,,02/27/24 05:37:43
427,27.0 C,,61.6 %RH,,02/27/24 06:37:43
428,27.1 C,,61.5 %RH,,02/27/24 07:37:43
429,27.3 C,,64.2 %RH,,02/27/24 08:37:43
430,27.2 C,,67.4 %RH,,02/27/24 09:37:43
431,27.8 C,,67.2 %RH,,02/27/24 10:37:43
432,28.2 C,,65.7 %RH,,02/27/24 11:37:43
433,28.6 C,,64.5 %RH,,02/27/24 12:37:43
434,28.7 C,,61.3 %RH,,02/27/24 13:37:43
435,28.0 C,,68.6 %RH,,02/27/24 14:37:43
436,28.2 C,,68.5 %RH,,02/27/24 15:37:43
437,28.4 C,,66.0 %RH,,02/27/24 16:37:43
438,28.7 C,,65.2 %RH,,02/27/24 17:37:43
439,28.1 C,,68.0 %RH,,02/27/24 18:37:43
440,28.1 C,,66.7 %RH,,02/27/24 19:37:43
441,28.2 C,,66.2 %RH,,02/27/24 20:37:43
442,28.1 C,,66.1 %RH,,02/27/24 21:37:43
443,27.9 C,,67.6 %RH,,02/27/24 22:37:43
444,26.8 C,,54.1 %RH,,02/27/24 23:37:43
445,26.2 C,,55.9 %RH,,02/28/24 00:37:43
446,26.2 C,,55.7 %RH,,02/28/24 01:37:43
447,26.1 C,,56.8 %RH,,02/28/24 02:37:43
448,26.0 C,,59.3 %RH,,02/28/24 03:37:43
449,26.0 C,,61.5 %RH,,02/28/24 04:37:43
450,26.2 C,,62.2 %RH,,02/28/24 05:37:43
451,26.6 C,,64.8 %RH,,02/28/24 06:37:43
452,26.7 C,,72.3 %RH,,02/28/24 07:37:43
453,26.4 C,,71.5 %RH,,02/28/24 08:37:43
454,26.5 C,,71.5 %RH,,02/28/24 09:37:43
455,27.1 C,,69.2 %RH,,02/28/24 10:37:43
456,27.7 C,,66.7 %RH,,02/28/24 11:37:43
457,28.2 C,,63.8 %RH,,02/28/24 12:37:43
458,28.2 C,,69.7 %RH,,02/28/24 13:37:43
459,27.7 C,,72.6 %RH,,02/28/24 14:37:43
460,28.0 C,,68.4 %RH,,02/28/24 15:37:43
461,28.4 C,,67.0 %RH,,02/28/24 16:37:43
462,28.2 C,,65.3 %RH,,02/28/24 17:37:43
463,28.1 C,,68.2 %RH,,02/28/24 18:37:43
464,27.9 C,,72.4 %RH,,02/28/24 19:37:43
465,27.7 C,,72.8 %RH,,02/28/24 20:37:43
466,27.8 C,,72.0 %RH,,02/28/24 21:37:43
467,27.5 C,,71.8 %RH,,02/28/24 22:37:43
468,27.6 C,,71.3 %RH,,02/28/24 23:37:43
469,27.4 C,,71.6 %RH,,02/29/24 00:37:43
470,27.2 C,,71.6 %RH,,02/29/24 01:37:43
471,26.8 C,,72.0 %RH,,02/29/24 02:37:43
472,26.7 C,,72.5 %RH,,02/29/24 03:37:43
473,26.6 C,,72.2 %RH,,02/29/24 04:37:43
474,26.4 C,,72.0 %RH,,02/29/24 05:37:43
475,26.3 C,,71.9 %RH,,02/29/24 06:37:43
476,26.4 C,,71.9 %RH,,02/29/24 07:37:43
477,26.5 C,,72.5 %RH,,02/29/24 08:37:43
478,26.7 C,,76.0 %RH,,02/29/24 09:37:43
479,27.0 C,,69.5 %RH,,02/29/24 10:37:43
480,27.5 C,,65.2 %RH,,02/29/24 11:37:43
481,27.9 C,,62.9 %RH,,02/29/24 12:37:43
482,28.4 C,,58.2 %RH,,02/29/24 13:37:43
483,28.8 C,,57.0 %RH,,02/29/24 14:37:43
484,29.1 C,,61.6 %RH,,02/29/24 15:37:43
485,28.9 C,,61.3 %RH,,02/29/24 16:37:43
486,28.9 C,,65.6 %RH,,02/29/24 17:37:43
487,28.9 C,,65.9 %RH,,02/29/24 18:37:43
488,28.4 C,,58.2 %RH,,02/29/24 19:37:43
489,28.0 C,,63.2 %RH,,02/29/24 20:37:43
490,27.6 C,,66.1 %RH,,02/29/24 21:37:43
491,27.4 C,,66.9 %RH,,02/29/24 22:37:43
492,27.2 C,,68.1 %RH,,02/29/24 23:37:43
493,27.2 C,,68.1 %RH,,03/01/24 0:37:43
494,27.1 C,,68.8 %RH,,03/01/24 1:37:43
495,27.0 C,,68.8 %RH,,03/01/24 2:37:43
496,27.0 C,,68.6 %RH,,03/01/24 3:37:43
497,26.7 C,,68.6 %RH,,03/01/24 4:37:43
498,26.4 C,,68.8 %RH,,03/01/24 5:37:43
499,26.4 C,,67.5 %RH,,03/01/24 6:37:43
500,26.2 C,,65.6 %RH,,03/01/24 7:37:43
501,25.9 C,,65.2 %RH,,03/01/24 8:37:43
502,26.5 C,,62.7 %RH,,03/01/24 9:37:43
503,27.2 C,,59.6 %RH,,03/01/24 10:37:43
504,27.9 C,,54.7 %RH,,03/01/24 11:37:43
505,28.2 C,,51.4 %RH,,03/01/24 12:37:43
506,28.7 C,,49.4 %RH,,03/01/24 13:37:43
507,28.8 C,,50.2 %RH,,03/01/24 14:37:43
508,29.2 C,,50.2 %RH,,03/01/24 15:37:43
509,29.2 C,,55.2 %RH,,03/01/24 16:37:43
510,29.2 C,,55.2 %RH,,03/01/24 17:37:43
511,28.7 C,,57.7 %RH,,03/01/24 18:37:43
512,28.5 C,,60.4 %RH,,03/01/24 19:37:43
513,28.4 C,,62.1 %RH,,03/01/24 20:37:43
514,28.5 C,,62.5 %RH,,03/01/24 21:37:43
515,28.5 C,,62.2 %RH,,03/01/24 22:37:43
516,28.3 C,,63.3 %RH,,03/01/24 23:37:43
517,28.3 C,,63.5 %RH,,03/02/24 0:37:43
518,28.1 C,,64.0 %RH,,03/02/24 1:37:43
519,27.9 C,,64.1 %RH,,03/02/24 2:37:43
520,27.8 C,,66.6 %RH,,03/02/24 3:37:43
521,27.4 C,,68.2 %RH,,03/02/24 4:37:43
522,27.3 C,,68.3 %RH,,03/02/24 5:37:43
523,27.3 C,,68.4 %RH,,03/02/24 6:37:43
524,27.5 C,,67.4 %RH,,03/02/24 7:37:43
525,27.2 C,,68.0 %RH,,03/02/24 8:37:43
526,27.5 C,,67.2 %RH,,03/02/24 9:37:43
527,27.8 C,,66.2 %RH,,03/02/24 10:37:43
528,27.8 C,,60.5 %RH,,03/02/24 11:37:43
529,28.3 C,,53.2 %RH,,03/02/24 12:37:43
530,28.6 C,,53.4 %RH,,03/02/24 13:37:43
531,29.3 C,,48.9 %RH,,03/02/24 14:37:43
532,29.7 C,,44.2 %RH,,03/02/24 15:37:43
533,29.8 C,,43.8 %RH,,03/02/24 16:37:43
534,29.5 C,,51.4 %RH,,03/02/24 17:37:43
535,29.1 C,,50.9 %RH,,03/02/24 18:37:43
536,28.8 C,,52.8 %RH,,03/02/24 19:37:43
537,28.3 C,,55.9 %RH,,03/02/24 20:37:43
538,28.0 C,,58.6 %RH,,03/02/24 21:37:43
539,28.0 C,,58.9 %RH,,03/02/24 22:37:43
540,27.9 C,,59.9 %RH,,03/02/24 23:37:43
541,27.6 C,,60.5 %RH,,03/03/24 0:37:43
542,27.3 C,,61.5 %RH,,03/03/24 1:37:43
543,27.0 C,,62.5 %RH,,03/03/24 2:37:43
544,26.8 C,,63.0 %RH,,03/03/24 3:37:43
545,26.9 C,,63.1 %RH,,03/03/24 4:37:43
546,26.7 C,,63.2 %RH,,03/03/24 5:37:43
547,26.7 C,,63.6 %RH,,03/03/24 6:37:43
548,26.4 C,,64.0 %RH,,03/03/24 7:37:43
549,26.5 C,,64.6 %RH,,03/03/24 8:37:43
550,26.6 C,,65.3 %RH,,03/03/24 9:37:43
551,27.0 C,,60.2 %RH,,03/03/24 10:37:43
552,28.1 C,,52.4 %RH,,03/03/24 11:37:43
553,28.5 C,,47.8 %RH,,03/03/24 12:37:43
554,29.2 C,,44.0 %RH,,03/03/24 13:37:43
555,29.1 C,,51.2 %RH,,03/03/24 14:37:43
556,29.6 C,,55.5 %RH,,03/03/24 15:37:43
557,29.4 C,,55.9 %RH,,03/03/24 16:37:43
558,29.3 C,,58.8 %RH,,03/03/24 17:37:43
559,29.4 C,,53.8 %RH,,03/03/24 18:37:43
560,28.7 C,,55.2 %RH,,03/03/24 19:37:43
561,28.4 C,,57.1 %RH,,03/03/24 20:37:43
562,28.1 C,,61.9 %RH,,03/03/24 21:37:43
563,27.9 C,,64.3 %RH,,03/03/24 22:37:43
564,28.0 C,,63.9 %RH,,03/03/24 23:37:43
565,28.5 C,,63.1 %RH,,03/04/24 0:37:43
566,28.5 C,,62.8 %RH,,03/04/24 1:37:43
567,28.1 C,,62.8 %RH,,03/04/24 2:37:43
568,28.0 C,,63.3 %RH,,03/04/24 3:37:43
569,27.9 C,,62.8 %RH,,03/04/24 4:37:43
570,27.8 C,,63.2 %RH,,03/04/24 5:37:43
571,27.4 C,,62.8 %RH,,03/04/24 6:37:43
572,27.4 C,,65.6 %RH,,03/04/24 7:37:43
573,26.8 C,,68.6 %RH,,03/04/24 8:37:43
574,26.9 C,,68.2 %RH,,03/04/24 9:37:43
575,27.0 C,,66.7 %RH,,03/04/24 10:37:43
576,27.4 C,,64.7 %RH,,03/04/24 11:37:43
577,27.9 C,,61.5 %RH,,03/04/24 12:37:43
578,28.4 C,,62.0 %RH,,03/04/24 13:37:43
579,28.3 C,,66.1 %RH,,03/04/24 14:37:43
580,28.4 C,,62.9 %RH,,03/04/24 15:37:43
581,28.4 C,,58.3 %RH,,03/04/24 16:37:43
582,28.7 C,,61.7 %RH,,03/04/24 17:37:43
583,28.6 C,,61.2 %RH,,03/04/24 18:37:43
584,28.5 C,,64.5 %RH,,03/04/24 19:37:43
585,28.5 C,,61.9 %RH,,03/04/24 20:37:43
586,28.1 C,,62.9 %RH,,03/04/24 21:37:43
587,28.2 C,,63.0 %RH,,03/04/24 22:37:43
588,28.1 C,,63.1 %RH,,03/04/24 23:37:43
589,28.1 C,,64.2 %RH,,03/05/24 0:37:43
590,28.1 C,,64.6 %RH,,03/05/24 1:37:43
591,28.0 C,,64.8 %RH,,03/05/24 2:37:43
592,28.0 C,,65.3 %RH,,03/05/24 3:37:43
593,27.8 C,,65.5 %RH,,03/05/24 4:37:43
594,27.7 C,,64.8 %RH,,03/05/24 5:37:43
595,27.5 C,,64.7 %RH,,03/05/24 6:37:43
596,27.4 C,,62.1 %RH,,03/05/24 7:37:43
597,27.0 C,,65.6 %RH,,03/05/24 8:37:43
598,27.1 C,,63.6 %RH,,03/05/24 9:37:43
599,27.3 C,,56.9 %RH,,03/05/24 10:37:43
600,28.0 C,,56.9 %RH,,03/05/24 11:37:43
601,28.2 C,,57.3 %RH,,03/05/24 12:37:43
602,28.5 C,,58.8 %RH,,03/05/24 13:37:43
603,29.0 C,,58.4 %RH,,03/05/24 14:37:43
604,29.3 C,,58.5 %RH,,03/05/24 15:37:43
605,29.5 C,,56.5 %RH,,03/05/24 16:37:43
606,29.3 C,,56.5 %RH,,03/05/24 17:37:43
607,28.9 C,,60.5 %RH,,03/05/24 18:37:43
608,28.8 C,,59.4 %RH,,03/05/24 19:37:43
609,28.8 C,,59.4 %RH,,03/05/24 20:37:43
610,28.8 C,,60.6 %RH,,03/05/24 21:37:43
611,28.3 C,,61.7 %RH,,03/05/24 22:37:43
612,27.9 C,,45.3 %RH,,03/05/24 23:37:43
613,26.7 C,,47.6 %RH,,03/06/24 0:37:43
614,26.6 C,,52.3 %RH,,03/06/24 1:37:43
615,26.3 C,,51.4 %RH,,03/06/24 2:37:43
616,26.3 C,,52.8 %RH,,03/06/24 3:37:43
617,26.3 C,,52.2 %RH,,03/06/24 4:37:43
618,26.8 C,,56.9 %RH,,03/06/24 5:37:43
619,27.2 C,,64.3 %RH,,03/06/24 6:37:43
620,27.1 C,,65.3 %RH,,03/06/24 7:37:43
621,27.0 C,,68.6 %RH,,03/06/24 8:37:43
622,28.6 C,,61.8 %RH,,03/06/24 9:37:43
623,29.3 C,,60.5 %RH,,03/06/24 10:37:43
624,29.8 C,,55.2 %RH,,03/06/24 11:37:43
625,30.1 C,,53.5 %RH,,03/06/24 12:37:43
626,30.4 C,,56.2 %RH,,03/06/24 13:37:43
627,30.7 C,,52.2 %RH,,03/06/24 14:37:43
628,30.9 C,,49.5 %RH,,03/06/24 15:37:43
629,30.4 C,,54.6 %RH,,03/06/24 16:37:43
630,30.2 C,,60.0 %RH,,03/06/24 17:37:43
631,29.8 C,,60.0 %RH,,03/06/24 18:37:43
632,29.7 C,,63.8 %RH,,03/06/24 19:37:43
633,30.2 C,,64.1 %RH,,03/06/24 20:37:43
634,30.5 C,,63.5 %RH,,03/06/24 21:37:43
635,30.6 C,,62.0 %RH,,03/06/24 22:37:43
636,30.3 C,,62.5 %RH,,03/06/24 23:37:43
637,30.2 C,,62.7 %RH,,03/07/24 0:37:43
638,28.4 C,,47.5 %RH,,03/07/24 1:37:43
639,27.7 C,,46.1 %RH,,03/07/24 2:37:43
640,27.6 C,,48.0 %RH,,03/07/24 3:37:43
641,27.6 C,,52.0 %RH,,03/07/24 4:37:43
642,28.2 C,,53.2 %RH,,03/07/24 5:37:43
643,28.7 C,,54.9 %RH,,03/07/24 6:37:43
644,28.9 C,,62.0 %RH,,03/07/24 7:37:43
645,29.3 C,,63.6 %RH,,03/07/24 8:37:43
646,29.0 C,,67.6 %RH,,03/07/24 9:37:43
647,28.9 C,,68.0 %RH,,03/07/24 10:37:43
648,29.7 C,,64.6 %RH,,03/07/24 11:37:43
649,30.5 C,,61.8 %RH,,03/07/24 12:37:43
650,30.6 C,,63.4 %RH,,03/07/24 13:37:43
651,28.9 C,,68.5 %RH,,03/07/24 14:37:43
652,29.4 C,,64.5 %RH,,03/07/24 15:37:43
653,30.2 C,,61.6 %RH,,03/07/24 16:37:43
654,29.6 C,,65.4 %RH,,03/07/24 17:37:43
655,29.4 C,,68.5 %RH,,03/07/24 18:37:43
656,29.4 C,,69.5 %RH,,03/07/24 19:37:43
657,29.6 C,,69.4 %RH,,03/07/24 20:37:43
658,29.8 C,,69.0 %RH,,03/07/24 21:37:43
659,29.9 C,,67.8 %RH,,03/07/24 22:37:43
660,29.7 C,,68.6 %RH,,03/07/24 23:37:43
661,28.7 C,,49.1 %RH,,03/08/24 0:37:43
662,28.3 C,,51.2 %RH,,03/08/24 1:37:43
663,28.0 C,,50.4 %RH,,03/08/24 2:37:43
664,28.0 C,,53.2 %RH,,03/08/24 3:37:43
665,27.8 C,,52.9 %RH,,03/08/24 4:37:43
666,28.4 C,,56.0 %RH,,03/08/24 5:37:43
667,28.5 C,,58.4 %RH,,03/08/24 6:37:43
668,28.9 C,,63.2 %RH,,03/08/24 7:37:43
669,28.8 C,,65.3 %RH,,03/08/24 8:37:43
670,28.8 C,,72.4 %RH,,03/08/24 9:37:43
671,29.4 C,,68.2 %RH,,03/08/24 10:37:43
672,29.6 C,,66.7 %RH,,03/08/24 11:37:43
673,30.2 C,,64.6 %RH,,03/08/24 12:37:43
674,30.5 C,,56.3 %RH,,03/08/24 13:37:43
675,30.8 C,,58.5 %RH,,03/08/24 14:37:43
676,31.1 C,,57.5 %RH,,03/08/24 15:37:43
677,31.2 C,,56.1 %RH,,03/08/24 16:37:43
678,31.1 C,,60.7 %RH,,03/08/24 17:37:43
679,30.6 C,,62.6 %RH,,03/08/24 18:37:43
680,30.3 C,,64.6 %RH,,03/08/24 19:37:43
681,30.6 C,,65.0 %RH,,03/08/24 20:37:43
682,30.9 C,,66.1 %RH,,03/08/24 21:37:43
683,30.8 C,,64.6 %RH,,03/08/24 22:37:43
684,29.9 C,,49.3 %RH,,03/08/24 23:37:43
685,28.5 C,,48.5 %RH,,03/09/24 0:37:43
686,28.0 C,,47.0 %RH,,03/09/24 1:37:43
687,27.8 C,,49.9 %RH,,03/09/24 2:37:43
688,27.4 C,,46.5 %RH,,03/09/24 3:37:43
689,27.3 C,,47.5 %RH,,03/09/24 4:37:43
690,28.3 C,,53.1 %RH,,03/09/24 5:37:43
691,28.8 C,,56.3 %RH,,03/09/24 6:37:43
692,28.7 C,,60.0 %RH,,03/09/24 7:37:43
693,29.0 C,,62.9 %RH,,03/09/24 8:37:43
694,29.0 C,,64.3 %RH,,03/09/24 9:37:43
695,29.4 C,,61.7 %RH,,03/09/24 10:37:43
696,29.8 C,,57.7 %RH,,03/09/24 11:37:43
697,29.9 C,,58.5 %RH,,03/09/24 12:37:43
698,31.1 C,,56.6 %RH,,03/09/24 13:37:43
699,31.5 C,,53.8 %RH,,03/09/24 14:37:43
700,31.8 C,,54.0 %RH,,03/09/24 15:37:43
701,31.8 C,,54.4 %RH,,03/09/24 16:37:43
702,31.6 C,,59.1 %RH,,03/09/24 17:37:43
703,31.2 C,,64.9 %RH,,03/09/24 18:37:43
704,30.9 C,,66.0 %RH,,03/09/24 19:37:43
705,30.9 C,,66.0 %RH,,03/09/24 20:37:43
706,30.8 C,,65.2 %RH,,03/09/24 21:37:43
707,30.8 C,,64.8 %RH,,03/09/24 22:37:43
708,30.7 C,,63.5 %RH,,03/09/24 23:37:43
709,30.7 C,,63.6 %RH,,03/10/24 0:37:43
710,30.5 C,,63.4 %RH,,03/10/24 1:37:43
711,28.5 C,,46.5 %RH,,03/10/24 2:37:43
712,27.9 C,,45.9 %RH,,03/10/24 3:37:43
713,27.8 C,,48.9 %RH,,03/10/24 4:37:43
714,28.7 C,,53.2 %RH,,03/10/24 5:37:43
715,28.7 C,,58.4 %RH,,03/10/24 6:37:43
716,28.8 C,,61.2 %RH,,03/10/24 7:37:43
717,28.9 C,,62.2 %RH,,03/10/24 8:37:43
718,29.1 C,,63.6 %RH,,03/10/24 9:37:43
719,29.4 C,,64.2 %RH,,03/10/24 10:37:43
720,29.8 C,,62.3 %RH,,03/10/24 11:37:43
721,30.4 C,,60.4 %RH,,03/10/24 12:37:43
722,30.8 C,,57.7 %RH,,03/10/24 13:37:43
723,31.2 C,,57.4 %RH,,03/10/24 14:37:43
724,31.1 C,,60.8 %RH,,03/10/24 15:37:43
725,32.4 C,,59.2 %RH,,03/10/24 16:37:43
726,32.5 C,,59.0 %RH,,03/10/24 17:37:43
727,32.3 C,,58.5 %RH,,03/10/24 18:37:43
728,32.1 C,,59.9 %RH,,03/10/24 19:37:43
729,32.1 C,,61.7 %RH,,03/10/24 20:37:43
730,32.2 C,,60.5 %RH,,03/10/24 21:37:43
731,32.1 C,,59.6 %RH,,03/10/24 22:37:43
732,32.4 C,,58.8 %RH,,03/10/24 23:37:43
733,30.2 C,,39.8 %RH,,03/11/24 0:37:43
734,29.3 C,,42.0 %RH,,03/11/24 1:37:43
735,29.0 C,,42.1 %RH,,03/11/24 2:37:43
736,28.8 C,,42.8 %RH,,03/11/24 3:37:43
737,29.1 C,,44.7 %RH,,03/11/24 4:37:43
738,29.6 C,,49.5 %RH,,03/11/24 5:37:43
739,30.3 C,,58.4 %RH,,03/11/24 6:37:43
740,30.6 C,,61.7 %RH,,03/11/24 7:37:43
741,31.6 C,,59.7 %RH,,03/11/24 8:37:43
742,31.8 C,,59.3 %RH,,03/11/24 9:37:43
743,30.1 C,,66.1 %RH,,03/11/24 10:37:43
744,30.6 C,,63.9 %RH,,03/11/24 11:37:43
745,32.1 C,,56.2 %RH,,03/11/24 12:37:43
746,31.7 C,,56.6 %RH,,03/11/24 13:37:43
747,32.1 C,,57.5 %RH,,03/11/24 14:37:43
748,32.0 C,,56.0 %RH,,03/11/24 15:37:43
749,32.1 C,,56.6 %RH,,03/11/24 16:37:43
750,32.0 C,,58.2 %RH,,03/11/24 17:37:43
751,32.3 C,,58.9 %RH,,03/11/24 18:37:43
752,33.4 C,,57.6 %RH,,03/11/24 19:37:43
753,32.8 C,,58.5 %RH,,03/11/24 20:37:43
754,31.9 C,,60.1 %RH,,03/11/24 21:37:43
755,31.4 C,,62.2 %RH,,03/11/24 22:37:43
756,31.4 C,,61.5 %RH,,03/11/24 23:37:43
757,30.3 C,,48.0 %RH,,03/12/24 0:37:43
758,29.6 C,,41.6 %RH,,03/12/24 1:37:43
759,29.1 C,,42.3 %RH,,03/12/24 2:37:43
760,28.7 C,,43.3 %RH,,03/12/24 3:37:43
761,28.8 C,,45.4 %RH,,03/12/24 4:37:43
762,29.9 C,,49.6 %RH,,03/12/24 5:37:43
763,30.4 C,,57.8 %RH,,03/12/24 6:37:43
764,30.3 C,,59.4 %RH,,03/12/24 7:37:43
765,29.5 C,,64.9 %RH,,03/12/24 8:37:43
766,29.7 C,,62.5 %RH,,03/12/24 9:37:43
767,30.2 C,,60.1 %RH,,03/12/24 10:37:43
768,30.3 C,,59.3 %RH,,03/12/24 11:37:43
769,30.6 C,,57.9 %RH,,03/12/24 12:37:43
770,31.1 C,,54.1 %RH,,03/12/24 13:37:43
771,31.4 C,,54.5 %RH,,03/12/24 14:37:43
772,31.2 C,,54.6 %RH,,03/12/24 15:37:43
773,31.8 C,,54.2 %RH,,03/12/24 16:37:43
774,31.9 C,,55.1 %RH,,03/12/24 17:37:43
775,31.4 C,,54.9 %RH,,03/12/24 18:37:43
776,31.5 C,,56.6 %RH,,03/12/24 19:37:43
777,31.3 C,,57.5 %RH,,03/12/24 20:37:43
778,31.0 C,,54.4 %RH,,03/12/24 21:37:43
779,30.8 C,,54.2 %RH,,03/12/24 22:37:43
780,30.5 C,,53.7 %RH,,03/12/24 23:37:43
781,29.8 C,,40.4 %RH,,03/13/24 00:37:43
782,28.5 C,,42.5 %RH,,03/13/24 01:37:43
783,28.4 C,,45.2 %RH,,03/13/24 02:37:43
784,28.2 C,,44.6 %RH,,03/13/24 03:37:43
785,28.4 C,,45.3 %RH,,03/13/24 04:37:43
786,28.7 C,,49.9 %RH,,03/13/24 05:37:43
787,29.2 C,,52.0 %RH,,03/13/24 06:37:43
788,29.2 C,,57.3 %RH,,03/13/24 07:37:43
789,28.0 C,,63.8 %RH,,03/13/24 08:37:43
790,29.3 C,,58.5 %RH,,03/13/24 09:37:43
791,29.7 C,,53.3 %RH,,03/13/24 10:37:43
792,30.4 C,,51.0 %RH,,03/13/24 11:37:43
793,31.0 C,,47.4 %RH,,03/13/24 12:37:43
794,30.8 C,,53.3 %RH,,03/13/24 13:37:43
795,30.9 C,,53.8 %RH,,03/13/24 14:37:43
796,31.4 C,,53.3 %RH,,03/13/24 15:37:43
797,31.2 C,,54.2 %RH,,03/13/24 16:37:43
798,31.1 C,,55.6 %RH,,03/13/24 17:37:43
799,30.6 C,,56.5 %RH,,03/13/24 18:37:43
800,30.5 C,,56.3 %RH,,03/13/24 19:37:43
801,30.6 C,,58.7 %RH,,03/13/24 20:37:43
802,30.9 C,,57.1 %RH,,03/13/24 21:37:43
803,30.7 C,,57.5 %RH,,03/13/24 22:37:43
804,30.5 C,,57.7 %RH,,03/13/24 23:37:43
805,30.5 C,,57.1 %RH,,03/14/24 00:37:43
806,28.6 C,,43.2 %RH,,03/14/24 01:37:43
807,28.2 C,,45.7 %RH,,03/14/24 02:37:43
808,28.2 C,,46.4 %RH,,03/14/24 03:37:43
809,28.0 C,,46.8 %RH,,03/14/24 04:37:43
810,28.7 C,,50.9 %RH,,03/14/24 05:37:43
811,28.9 C,,54.4 %RH,,03/14/24 06:37:43
812,29.0 C,,57.2 %RH,,03/14/24 07:37:43
813,28.0 C,,64.3 %RH,,03/14/24 08:37:43
814,29.2 C,,59.6 %RH,,03/14/24 09:37:43
815,29.8 C,,56.6 %RH,,03/14/24 10:37:43
816,30.8 C,,54.0 %RH,,03/14/24 11:37:43
817,31.1 C,,51.2 %RH,,03/14/24 12:37:43
818,31.5 C,,48.0 %RH,,03/14/24 13:37:43
819,32.1 C,,44.8 %RH,,03/14/24 14:37:43
820,32.1 C,,54.0 %RH,,03/14/24 15:37:43
821,31.7 C,,60.0 %RH,,03/14/24 16:37:43
822,31.7 C,,57.9 %RH,,03/14/24 17:37:43
823,31.6 C,,56.2 %RH,,03/14/24 18:37:43
824,31.4 C,,61.0 %RH,,03/14/24 19:37:43
825,31.0 C,,57.4 %RH,,03/14/24 20:37:43
826,30.5 C,,57.0 %RH,,03/14/24 21:37:43
827,30.4 C,,58.5 %RH,,03/14/24 22:37:43
828,30.3 C,,61.2 %RH,,03/14/24 23:37:43
829,30.7 C,,61.1 %RH,,03/15/24 00:37:43
830,30.1 C,,41.4 %RH,,03/15/24 01:37:43
831,28.6 C,,46.0 %RH,,03/15/24 02:37:43
832,28.0 C,,44.8 %RH,,03/15/24 03:37:43
833,27.9 C,,45.7 %RH,,03/15/24 04:37:43
834,28.7 C,,52.9 %RH,,03/15/24 05:37:43
835,29.1 C,,59.4 %RH,,03/15/24 06:37:43
836,29.2 C,,62.8 %RH,,03/15/24 07:37:43
837,29.2 C,,65.2 %RH,,03/15/24 08:37:43
838,28.5 C,,66.4 %RH,,03/15/24 09:37:43
839,30.1 C,,60.2 %RH,,03/15/24 10:37:43
840,30.6 C,,56.9 %RH,,03/15/24 11:37:43
841,30.0 C,,57.7 %RH,,03/15/24 12:37:43
842,29.9 C,,62.1 %RH,,03/15/24 13:37:43
843,30.4 C,,61.0 %RH,,03/15/24 14:37:43
844,30.4 C,,59.3 %RH,,03/15/24 15:37:43
845,31.0 C,,54.8 %RH,,03/15/24 16:37:43
846,31.2 C,,59.6 %RH,,03/15/24 17:37:43
847,31.0 C,,58.0 %RH,,03/15/24 18:37:43
848,30.4 C,,55.6 %RH,,03/15/24 19:37:43
849,30.0 C,,58.3 %RH,,03/15/24 20:37:43
850,30.4 C,,58.2 %RH,,03/15/24 21:37:43
851,30.7 C,,56.6 %RH,,03/15/24 22:37:43
852,30.7 C,,57.2 %RH,,03/15/24 23:37:43
853,30.3 C,,50.0 %RH,,03/16/24 00:37:43
854,30.6 C,,53.1 %RH,,03/16/24 01:37:43
855,30.6 C,,55.9 %RH,,03/16/24 02:37:43
856,30.0 C,,44.9 %RH,,03/16/24 03:37:43
857,28.4 C,,45.2 %RH,,03/16/24 04:37:43
858,29.1 C,,52.4 %RH,,03/16/24 05:37:43
859,29.2 C,,61.1 %RH,,03/16/24 06:37:43
860,28.9 C,,63.9 %RH,,03/16/24 07:37:43
861,28.9 C,,64.4 %RH,,03/16/24 08:37:43
862,29.4 C,,63.4 %RH,,03/16/24 09:37:43
863,30.2 C,,61.2 %RH,,03/16/24 10:37:43
864,30.6 C,,60.3 %RH,,03/16/24 11:37:43
865,30.8 C,,60.4 %RH,,03/16/24 12:37:43
866,30.9 C,,63.0 %RH,,03/16/24 13:37:43
867,30.5 C,,57.3 %RH,,03/16/24 14:37:43
868,30.5 C,,56.5 %RH,,03/16/24 15:37:43
869,31.5 C,,55.5 %RH,,03/16/24 16:37:43
870,31.4 C,,59.7 %RH,,03/16/24 17:37:43
871,31.1 C,,61.3 %RH,,03/16/24 18:37:43
872,30.9 C,,63.5 %RH,,03/16/24 19:37:43
873,30.9 C,,63.5 %RH,,03/16/24 20:37:43
874,30.3 C,,65.4 %RH,,03/16/24 21:37:43
875,30.1 C,,66.2 %RH,,03/16/24 22:37:43
876,30.2 C,,64.9 %RH,,03/16/24 23:37:43
877,29.6 C,,44.2 %RH,,03/17/24 00:37:43
878,28.1 C,,46.3 %RH,,03/17/24 01:37:43
879,27.5 C,,45.9 %RH,,03/17/24 02:37:43
880,27.5 C,,49.9 %RH,,03/17/24 03:37:43
881,27.3 C,,50.9 %RH,,03/17/24 04:37:43
882,28.6 C,,53.6 %RH,,03/17/24 05:37:43
883,28.7 C,,57.1 %RH,,03/17/24 06:37:43
884,28.7 C,,61.0 %RH,,03/17/24 07:37:43
885,28.9 C,,63.4 %RH,,03/17/24 08:37:43
886,29.2 C,,62.8 %RH,,03/17/24 09:37:43
887,29.7 C,,61.9 %RH,,03/17/24 10:37:43
888,29.8 C,,61.7 %RH,,03/17/24 11:37:43
889,30.3 C,,54.9 %RH,,03/17/24 12:37:43
890,30.9 C,,50.4 %RH,,03/17/24 13:37:43
891,31.1 C,,47.8 %RH,,03/17/24 14:37:43
892,31.3 C,,53.1 %RH,,03/17/24 15:37:43
893,31.5 C,,53.8 %RH,,03/17/24 16:37:43
894,31.6 C,,57.0 %RH,,03/17/24 17:37:43
895,31.6 C,,57.5 %RH,,03/17/24 18:37:43
896,30.8 C,,62.9 %RH,,03/17/24 19:37:43
897,30.6 C,,64.2 %RH,,03/17/24 20:37:43
898,29.9 C,,44.6 %RH,,03/17/24 21:37:43
899,28.7 C,,47.2 %RH,,03/17/24 22:37:43
900,28.1 C,,45.7 %RH,,03/17/24 23:37:43
901,28.1 C,,47.6 %RH,,03/18/24 00:37:43
902,28.0 C,,48.2 %RH,,03/18/24 01:37:43
903,27.9 C,,47.9 %RH,,03/18/24 02:37:43
904,27.9 C,,51.4 %RH,,03/18/24 03:37:43
905,27.8 C,,52.6 %RH,,03/18/24 04:37:43
906,28.2 C,,55.2 %RH,,03/18/24 05:37:43
907,28.4 C,,56.4 %RH,,03/18/24 06:37:43
908,28.7 C,,65.7 %RH,,03/18/24 07:37:43
909,28.8 C,,65.9 %RH,,03/18/24 08:37:43
910,29.0 C,,63.9 %RH,,03/18/24 09:37:43
911,29.5 C,,62.0 %RH,,03/18/24 10:37:43
912,29.7 C,,61.9 %RH,,03/18/24 11:37:43
913,30.1 C,,63.6 %RH,,03/18/24 12:37:43
914,30.5 C,,62.0 %RH,,03/18/24 13:37:43
915,30.8 C,,62.3 %RH,,03/18/24 14:37:43
916,30.7 C,,60.8 %RH,,03/18/24 15:37:43
917,31.0 C,,61.3 %RH,,03/18/24 16:37:43
918,31.0 C,,61.7 %RH,,03/18/24 17:37:43
919,30.6 C,,60.8 %RH,,03/18/24 18:37:43
920,30.1 C,,66.2 %RH,,03/18/24 19:37:43
921,30.2 C,,67.0 %RH,,03/18/24 20:37:43
922,30.6 C,,66.0 %RH,,03/18/24 21:37:43
923,30.6 C,,65.2 %RH,,03/18/24 22:37:43
924,29.1 C,,50.8 %RH,,03/18/24 23:37:43
925,28.6 C,,50.8 %RH,,03/19/24 00:37:43
926,28.1 C,,50.0 %RH,,03/19/24 01:37:43
927,28.2 C,,52.2 %RH,,03/19/24 02:37:43
928,28.2 C,,50.2 %RH,,03/19/24 03:37:43
929,27.8 C,,50.2 %RH,,03/19/24 04:37:43
930,28.7 C,,54.6 %RH,,03/19/24 05:37:43
931,29.0 C,,56.5 %RH,,03/19/24 06:37:43
932,29.1 C,,68.4 %RH,,03/19/24 07:37:43
933,29.0 C,,69.4 %RH,,03/19/24 08:37:43
934,29.0 C,,69.0 %RH,,03/19/24 09:37:43
935,29.6 C,,64.2 %RH,,03/19/24 10:37:43
936,29.9 C,,67.3 %RH,,03/19/24 11:37:43
937,30.1 C,,64.7 %RH,,03/19/24 12:37:43
938,30.5 C,,62.8 %RH,,03/19/24 13:37:43
939,30.7 C,,62.2 %RH,,03/19/24 14:37:43
940,31.2 C,,61.5 %RH,,03/19/24 15:37:43
941,31.2 C,,63.5 %RH,,03/19/24 16:37:43
942,30.8 C,,65.0 %RH,,03/19/24 17:37:43
943,30.2 C,,67.0 %RH,,03/19/24 18:37:43
944,30.0 C,,69.2 %RH,,03/19/24 19:37:43
945,29.9 C,,68.1 %RH,,03/19/24 20:37:43
946,30.4 C,,66.8 %RH,,03/19/24 21:37:43
947,30.5 C,,66.8 %RH,,03/19/24 22:37:43
948,29.1 C,,49.0 %RH,,03/19/24 23:37:43
949,28.3 C,,50.7 %RH,,03/20/24 00:37:43
950,28.2 C,,48.8 %RH,,03/20/24 01:37:43
951,28.1 C,,51.6 %RH,,03/20/24 02:37:43
952,28.1 C,,52.1 %RH,,03/20/24 03:37:43
953,28.0 C,,52.1 %RH,,03/20/24 04:37:43
954,28.7 C,,56.8 %RH,,03/20/24 05:37:43
955,28.8 C,,59.4 %RH,,03/20/24 06:37:43
956,29.3 C,,65.0 %RH,,03/20/24 07:37:43
957,28.6 C,,73.0 %RH,,03/20/24 08:37:43
958,28.7 C,,71.7 %RH,,03/20/24 09:37:43
959,29.2 C,,67.5 %RH,,03/20/24 10:37:43
960,30.1 C,,64.3 %RH,,03/20/24 11:37:43
961,30.2 C,,64.6 %RH,,03/20/24 12:37:43
962,30.3 C,,65.2 %RH,,03/20/24 13:37:43
963,30.5 C,,62.7 %RH,,03/20/24 14:37:43
964,30.9 C,,60.6 %RH,,03/20/24 15:37:43
965,30.7 C,,62.8 %RH,,03/20/24 16:37:43
966,30.5 C,,64.9 %RH,,03/20/24 17:37:43
967,30.4 C,,65.6 %RH,,03/20/24 18:37:43
968,30.7 C,,64.5 %RH,,03/20/24 19:37:43
969,30.8 C,,65.9 %RH,,03/20/24 20:37:43
970,30.7 C,,65.0 %RH,,03/20/24 21:37:43
971,30.5 C,,64.4 %RH,,03/20/24 22:37:43
972,29.5 C,,46.1 %RH,,03/20/24 23:37:43
973,28.3 C,,47.1 %RH,,03/21/24 00:37:43
974,28.0 C,,48.1 %RH,,03/21/24 01:37:43
975,28.1 C,,50.4 %RH,,03/21/24 02:37:43
976,28.0 C,,49.8 %RH,,03/21/24 03:37:43
977,27.9 C,,49.2 %RH,,03/21/24 04:37:43
978,28.5 C,,54.3 %RH,,03/21/24 05:37:43
979,28.7 C,,59.6 %RH,,03/21/24 06:37:43
980,29.6 C,,61.8 %RH,,03/21/24 07:37:43
981,28.5 C,,69.6 %RH,,03/21/24 08:37:43
982,29.0 C,,63.2 %RH,,03/21/24 09:37:43
983,29.5 C,,60.8 %RH,,03/21/24 10:37:43
984,30.5 C,,58.2 %RH,,03/21/24 11:37:43
985,31.3 C,,55.6 %RH,,03/21/24 12:37:43
986,31.6 C,,53.4 %RH,,03/21/24 13:37:43
987,31.9 C,,53.8 %RH,,03/21/24 14:37:43
988,31.2 C,,57.0 %RH,,03/21/24 15:37:43
989,30.7 C,,65.0 %RH,,03/21/24 16:37:43
990,31.0 C,,64.5 %RH,,03/21/24 17:37:43
991,29.7 C,,66.3 %RH,,03/21/24 18:37:43
992,29.1 C,,68.2 %RH,,03/21/24 19:37:43
993,29.0 C,,68.9 %RH,,03/21/24 20:37:43
994,29.5 C,,66.4 %RH,,03/21/24 21:37:43
995,29.3 C,,65.4 %RH,,03/21/24 22:37:43
996,29.5 C,,65.6 %RH,,03/21/24 23:37:43
997,29.6 C,,65.6 %RH,,03/22/24 00:37:43
998,29.5 C,,66.1 %RH,,03/22/24 01:37:43
999,29.3 C,,66.7 %RH,,03/22/24 02:37:43
1000,29.2 C,,67.1 %RH,,03/22/24 03:37:43
1001,29.0 C,,67.0 %RH,,03/22/24 04:37:43
1002,29.1 C,,67.2 %RH,,03/22/24 05:37:43
1003,28.9 C,,67.5 %RH,,03/22/24 06:37:43
1004,28.8 C,,68.2 %RH,,03/22/24 07:37:43
1005,28.4 C,,70.1 %RH,,03/22/24 08:37:43
1006,28.4 C,,69.4 %RH,,03/22/24 09:37:43
1007,29.5 C,,68.8 %RH,,03/22/24 10:37:43
1008,29.1 C,,67.4 %RH,,03/22/24 11:37:43
1009,29.6 C,,67.1 %RH,,03/22/24 12:37:43
1010,29.1 C,,70.4 %RH,,03/22/24 13:37:43
1011,28.7 C,,68.3 %RH,,03/22/24 14:37:43
1012,28.9 C,,70.9 %RH,,03/22/24 15:37:43
1013,28.9 C,,70.8 %RH,,03/22/24 16:37:43
1014,28.0 C,,74.2 %RH,,03/22/24 17:37:43
1015,27.7 C,,74.8 %RH,,03/22/24 18:37:43
1016,27.8 C,,73.7 %RH,,03/22/24 19:37:43
1017,28.7 C,,69.7 %RH,,03/22/24 20:37:43
1018,28.4 C,,70.8 %RH,,03/22/24 21:37:43
1019,28.8 C,,71.1 %RH,,03/22/24 22:37:43
1020,29.3 C,,65.7 %RH,,03/22/24 23:37:43
1021,28.5 C,,52.0 %RH,,03/23/24 00:37:43
1022,27.9 C,,55.6 %RH,,03/23/24 01:37:43
1023,27.4 C,,56.8 %RH,,03/23/24 02:37:43
1024,27.4 C,,58.2 %RH,,03/23/24 03:37:43
1025,27.3 C,,57.2 %RH,,03/23/24 04:37:43
1026,27.2 C,,60.0 %RH,,03/23/24 05:37:43
1027,27.3 C,,60.2 %RH,,03/23/24 06:37:43
1028,28.1 C,,65.0 %RH,,03/23/24 07:37:43
1029,28.4 C,,66.4 %RH,,03/23/24 08:37:43
1030,27.7 C,,71.4 %RH,,03/23/24 09:37:43
1031,27.6 C,,75.7 %RH,,03/23/24 10:37:43
1032,28.1 C,,72.8 %RH,,03/23/24 11:37:43
1033,28.7 C,,68.8 %RH,,03/23/24 12:37:43
1034,29.3 C,,69.5 %RH,,03/23/24 13:37:43
1035,29.6 C,,67.8 %RH,,03/23/24 14:37:43
1036,29.6 C,,67.7 %RH,,03/23/24 15:37:43
1037,29.6 C,,68.2 %RH,,03/23/24 16:37:43
1038,29.8 C,,68.3 %RH,,03/23/24 17:37:43
1039,29.7 C,,67.4 %RH,,03/23/24 18:37:43
1040,29.8 C,,68.3 %RH,,03/23/24 19:37:43
1041,30.1 C,,67.5 %RH,,03/23/24 20:37:43
1042,28.3 C,,48.0 %RH,,03/23/24 21:37:43
1043,27.8 C,,51.7 %RH,,03/23/24 22:37:43
1044,27.5 C,,52.6 %RH,,03/23/24 23:37:43
1045,27.2 C,,50.2 %RH,,03/24/24 00:37:43
1046,27.4 C,,51.8 %RH,,03/24/24 01:37:43
1047,27.2 C,,55.8 %RH,,03/24/24 02:37:43
1048,27.1 C,,59.2 %RH,,03/24/24 03:37:43
1049,27.1 C,,58.0 %RH,,03/24/24 04:37:43
1050,27.9 C,,62.9 %RH,,03/24/24 05:37:43
1051,28.4 C,,64.2 %RH,,03/24/24 06:37:43
1052,28.6 C,,65.2 %RH,,03/24/24 07:37:43
1053,28.7 C,,67.3 %RH,,03/24/24 08:37:43
1054,28.8 C,,68.5 %RH,,03/24/24 09:37:43
1055,29.2 C,,69.9 %RH,,03/24/24 10:37:43
1056,29.6 C,,64.2 %RH,,03/24/24 11:37:43
1057,29.9 C,,67.3 %RH,,03/24/24 12:37:43
1058,30.0 C,,63.3 %RH,,03/24/24 13:37:43
1059,30.2 C,,61.6 %RH,,03/24/24 14:37:43
1060,30.4 C,,59.7 %RH,,03/24/24 15:37:43
1061,30.5 C,,61.0 %RH,,03/24/24 16:37:43
1062,30.2 C,,63.9 %RH,,03/24/24 17:37:43
1063,29.7 C,,68.7 %RH,,03/24/24 18:37:43
1064,29.6 C,,70.1 %RH,,03/24/24 19:37:43
1065,29.8 C,,69.0 %RH,,03/24/24 20:37:43
1066,29.7 C,,68.8 %RH,,03/24/24 21:37:43
1067,29.6 C,,68.7 %RH,,03/24/24 22:37:43
1068,29.4 C,,68.0 %RH,,03/24/24 23:37:43
1069,27.9 C,,50.0 %RH,,03/25/24 00:37:43
1070,27.7 C,,52.8 %RH,,03/25/24 01:37:43
1071,27.4 C,,52.1 %RH,,03/25/24 02:37:43
1072,27.5 C,,55.1 %RH,,03/25/24 03:37:43
1073,27.4 C,,52.6 %RH,,03/25/24 04:37:43
1074,27.3 C,,52.3 %RH,,03/25/24 05:37:43
1075,28.0 C,,57.6 %RH,,03/25/24 06:37:43
1076,28.3 C,,64.5 %RH,,03/25/24 07:37:43
1077,28.4 C,,63.2 %RH,,03/25/24 08:37:43
1078,28.5 C,,68.2 %RH,,03/25/24 09:37:43
1079,28.8 C,,68.2 %RH,,03/25/24 10:37:43
1080,29.3 C,,64.8 %RH,,03/25/24 11:37:43
1081,30.1 C,,61.8 %RH,,03/25/24 12:37:43
1082,30.5 C,,64.3 %RH,,03/25/24 13:37:43
1083,30.7 C,,63.9 %RH,,03/25/24 14:37:43
1084,30.0 C,,62.3 %RH,,03/25/24 15:37:43
1085,29.5 C,,72.6 %RH,,03/25/24 16:37:43
1086,28.9 C,,76.8 %RH,,03/25/24 17:37:43
1087,30.0 C,,72.6 %RH,,03/25/24 18:37:43
1088,29.8 C,,72.6 %RH,,03/25/24 19:37:43
1089,29.9 C,,72.9 %RH,,03/25/24 20:37:43
1090,29.9 C,,66.9 %RH,,03/25/24 21:37:43
1091,28.9 C,,51.8 %RH,,03/25/24 22:37:43
1092,27.9 C,,47.9 %RH,,03/25/24 23:37:43
1093,27.8 C,,51.8 %RH,,03/26/24 00:37:43
1094,27.7 C,,52.6 %RH,,03/26/24 01:37:43
1095,27.6 C,,52.8 %RH,,03/26/24 02:37:43
1096,27.6 C,,56.9 %RH,,03/26/24 03:37:43
1097,27.6 C,,56.3 %RH,,03/26/24 04:37:43
1098,27.9 C,,60.7 %RH,,03/26/24 05:37:43
1099,28.1 C,,62.1 %RH,,03/26/24 06:37:43
1100,27.6 C,,66.4 %RH,,03/26/24 07:37:43
1101,27.7 C,,66.7 %RH,,03/26/24 08:37:43
1102,27.4 C,,66.9 %RH,,03/26/24 09:37:43
1103,27.7 C,,62.2 %RH,,03/26/24 10:37:43
1104,28.6 C,,60.3 %RH,,03/26/24 11:37:43
1105,29.1 C,,57.3 %RH,,03/26/24 12:37:43
1106,29.6 C,,55.1 %RH,,03/26/24 13:37:43
1107,29.8 C,,52.8 %RH,,03/26/24 14:37:43
1108,30.3 C,,52.1 %RH,,03/26/24 15:37:43
1109,30.4 C,,52.7 %RH,,03/26/24 16:37:43
1110,30.4 C,,51.8 %RH,,03/26/24 17:37:43
1111,31.9 C,,36.6 %RH,,03/26/24 18:37:43
1112,32.4 C,,38.0 %RH,,03/26/24 19:37:43
1113,32.3 C,,39.1 %RH,,03/26/24 20:37:43
1114,31.7 C,,37.5 %RH,,03/26/24 21:37:43
1115,31.0 C,,38.3 %RH,,03/26/24 22:37:43
1116,28.9 C,,48.2 %RH,,03/26/24 23:37:43
1117,28.2 C,,53.3 %RH,,03/27/24 00:37:43
1118,28.1 C,,55.6 %RH,,03/27/24 01:37:43
1119,27.8 C,,57.0 %RH,,03/27/24 02:37:43
1120,27.7 C,,57.9 %RH,,03/27/24 03:37:43
1121,27.7 C,,58.9 %RH,,03/27/24 04:37:43
1122,27.7 C,,58.9 %RH,,03/27/24 05:37:43
1123,27.7 C,,59.1 %RH,,03/27/24 06:37:43
1124,27.6 C,,58.8 %RH,,03/27/24 07:37:43
1125,27.7 C,,59.0 %RH,,03/27/24 08:37:43
1126,26.5 C,,49.4 %RH,,03/27/24 09:37:43
1127,25.7 C,,49.5 %RH,,03/27/24 10:37:43
1128,25.4 C,,49.1 %RH,,03/27/24 11:37:43
1129,25.4 C,,48.5 %RH,,03/27/24 12:37:43
1130,25.6 C,,49.1 %RH,,03/27/24 13:37:43
1131,25.8 C,,49.2 %RH,,03/27/24 14:37:43
1132,26.1 C,,48.0 %RH,,03/27/24 15:37:43
1133,26.3 C,,48.0 %RH,,03/27/24 16:37:43
1134,26.4 C,,47.7 %RH,,03/27/24 17:37:43
1135,26.2 C,,46.8 %RH,,03/27/24 18:37:43
1136,26.2 C,,48.0 %RH,,03/27/24 19:37:43
1137,26.5 C,,48.6 %RH,,03/27/24 20:37:43
1138,26.5 C,,49.6 %RH,,03/27/24 21:37:43
1139,26.6 C,,50.8 %RH,,03/27/24 22:37:43
1140,26.4 C,,52.3 %RH,,03/27/24 23:37:43
1141,26.3 C,,53.7 %RH,,03/28/24 00:37:43
1142,26.3 C,,54.7 %RH,,03/28/24 01:37:43
1143,26.2 C,,55.5 %RH,,03/28/24 02:37:43
1144,26.0 C,,56.2 %RH,,03/28/24 03:37:43
1145,25.8 C,,57.1 %RH,,03/28/24 04:37:43
1146,25.8 C,,57.7 %RH,,03/28/24 05:37:43
1147,25.6 C,,58.4 %RH,,03/28/24 06:37:43
1148,25.5 C,,58.9 %RH,,03/28/24 07:37:43
1149,25.5 C,,59.4 %RH,,03/28/24 08:37:43
1150,25.4 C,,59.7 %RH,,03/28/24 09:37:43
1151,25.4 C,,59.9 %RH,,03/28/24 10:37:43
1152,25.5 C,,59.9 %RH,,03/28/24 11:37:43
1153,25.7 C,,59.9 %RH,,03/28/24 12:37:43
1154,26.0 C,,60.2 %RH,,03/28/24 13:37:43
1155,26.3 C,,61.0 %RH,,03/28/24 14:37:43
1156,26.8 C,,61.1 %RH,,03/28/24 15:37:43
1157,27.0 C,,60.8 %RH,,03/28/24 16:37:43
1158,27.3 C,,61.5 %RH,,03/28/24 17:37:43
1159,27.4 C,,61.8 %RH,,03/28/24 18:37:43
1160,27.2 C,,62.6 %RH,,03/28/24 19:37:43
1161,27.2 C,,63.1 %RH,,03/28/24 20:37:43
1162,27.2 C,,63.8 %RH,,03/28/24 21:37:43
1163,27.0 C,,64.0 %RH,,03/28/24 22:37:43
1164,27.0 C,,64.4 %RH,,03/28/24 23:37:43
1165,26.8 C,,64.6 %RH,,03/29/24 00:37:43
1166,26.7 C,,64.5 %RH,,03/29/24 01:37:43
1167,26.5 C,,64.5 %RH,,03/29/24 02:37:43
1168,26.4 C,,64.6 %RH,,03/29/24 03:37:43
1169,26.3 C,,64.8 %RH,,03/29/24 04:37:43
1170,26.1 C,,65.0 %RH,,03/29/24 05:37:43
1171,26.0 C,,65.2 %RH,,03/29/24 06:37:43
1172,26.0 C,,65.4 %RH,,03/29/24 07:37:43
1173,25.8 C,,65.4 %RH,,03/29/24 08:37:43
1174,25.8 C,,65.5 %RH,,03/29/24 09:37:43
1175,25.8 C,,65.5 %RH,,03/29/24 10:37:43
1176,25.9 C,,65.5 %RH,,03/29/24 11:37:43
1177,26.0 C,,65.0 %RH,,03/29/24 12:37:43
1178,26.5 C,,65.2 %RH,,03/29/24 13:37:43
1179,26.9 C,,64.9 %RH,,03/29/24 14:37:43
1180,27.3 C,,64.8 %RH,,03/29/24 15:37:43
1181,27.7 C,,64.8 %RH,,03/29/24 16:37:43
1182,27.7 C,,64.7 %RH,,03/29/24 17:37:43
1183,27.8 C,,64.7 %RH,,03/29/24 18:37:43
1184,27.8 C,,65.2 %RH,,03/29/24 19:37:43
1185,27.7 C,,65.3 %RH,,03/29/24 20:37:43
1186,27.7 C,,65.7 %RH,,03/29/24 21:37:43
1187,27.6 C,,66.0 %RH,,03/29/24 22:37:43
1188,27.5 C,,66.3 %RH,,03/29/24 23:37:43
1189,27.5 C,,66.4 %RH,,03/30/24 00:37:43
1190,27.3 C,,66.3 %RH,,03/30/24 01:37:43
1191,27.2 C,,66.4 %RH,,03/30/24 02:37:43
1192,27.2 C,,66.4 %RH,,03/30/24 03:37:43
1193,27.0 C,,66.4 %RH,,03/30/24 04:37:43
1194,26.8 C,,66.9 %RH,,03/30/24 05:37:43
1195,26.7 C,,67.0 %RH,,03/30/24 06:37:43
1196,26.5 C,,67.3 %RH,,03/30/24 07:37:43
1197,26.5 C,,67.5 %RH,,03/30/24 08:37:43
1198,26.4 C,,67.6 %RH,,03/30/24 09:37:43
1199,26.5 C,,67.7 %RH,,03/30/24 10:37:43
1200,26.7 C,,67.5 %RH,,03/30/24 11:37:43
1201,26.8 C,,67.3 %RH,,03/30/24 12:37:43
1202,27.0 C,,67.1 %RH,,03/30/24 13:37:43
1203,27.3 C,,66.7 %RH,,03/30/24 14:37:43
1204,27.7 C,,66.2 %RH,,03/30/24 15:37:43
1205,27.7 C,,65.9 %RH,,03/30/24 16:37:43
1206,27.8 C,,65.9 %RH,,03/30/24 17:37:43
1207,27.7 C,,66.1 %RH,,03/30/24 18:37:43
1208,27.5 C,,66.8 %RH,,03/30/24 19:37:43
1209,27.2 C,,67.5 %RH,,03/30/24 20:37:43
1210,27.0 C,,68.4 %RH,,03/30/24 21:37:43
1211,26.7 C,,69.1 %RH,,03/30/24 22:37:43
1212,26.5 C,,69.7 %RH,,03/30/24 23:37:43
1213,26.3 C,,70.1 %RH,,03/31/24 00:37:43
1214,26.2 C,,70.4 %RH,,03/31/24 01:37:43
1215,26.1 C,,70.5 %RH,,03/31/24 02:37:43
1216,25.9 C,,70.6 %RH,,03/31/24 03:37:43
1217,25.9 C,,70.8 %RH,,03/31/24 04:37:43
1218,25.7 C,,70.6 %RH,,03/31/24 05:37:43
1219,25.6 C,,70.6 %RH,,03/31/24 06:37:43
1220,25.5 C,,70.9 %RH,,03/31/24 07:37:43
1221,25.5 C,,70.9 %RH,,03/31/24 08:37:43
1222,25.5 C,,70.8 %RH,,03/31/24 09:37:43
1223,25.6 C,,70.8 %RH,,03/31/24 10:37:43
1224,25.7 C,,70.6 %RH,,03/31/24 11:37:43
1225,25.8 C,,70.3 %RH,,03/31/24 12:37:43
1226,26.2 C,,69.9 %RH,,03/31/24 13:37:43
1227,26.5 C,,69.1 %RH,,03/31/24 14:37:43
1228,26.9 C,,68.1 %RH,,03/31/24 15:37:43
1229,27.4 C,,67.2 %RH,,03/31/24 16:37:43
1230,27.6 C,,66.6 %RH,,03/31/24 17:37:43
1231,27.7 C,,66.0 %RH,,03/31/24 18:37:43
1232,27.7 C,,65.7 %RH,,03/31/24 19:37:43
1233,27.6 C,,65.5 %RH,,03/31/24 20:37:43
1234,27.5 C,,65.2 %RH,,03/31/24 21:37:43
1235,27.4 C,,65.0 %RH,,03/31/24 22:37:43
1236,27.3 C,,64.9 %RH,,03/31/24 23:37:43
1237,27.1 C,,65.3 %RH,,04/01/24 0:37:43
1238,26.8 C,,65.6 %RH,,04/01/24 1:37:43
1239,26.7 C,,65.9 %RH,,04/01/24 2:37:43
1240,26.5 C,,66.1 %RH,,04/01/24 3:37:43
1241,26.4 C,,66.4 %RH,,04/01/24 4:37:43
1242,26.2 C,,66.7 %RH,,04/01/24 5:37:43
1243,26.2 C,,66.9 %RH,,04/01/24 6:37:43
1244,25.9 C,,66.7 %RH,,04/01/24 7:37:43
1245,25.5 C,,61.8 %RH,,04/01/24 8:37:43
1246,25.4 C,,58.4 %RH,,04/01/24 9:37:43
1247,25.4 C,,56.9 %RH,,04/01/24 10:37:43
1248,25.5 C,,55.8 %RH,,04/01/24 11:37:43
1249,25.8 C,,55.2 %RH,,04/01/24 12:37:43
1250,25.8 C,,53.6 %RH,,04/01/24 13:37:43
1251,26.2 C,,52.8 %RH,,04/01/24 14:37:43
1252,26.5 C,,51.3 %RH,,04/01/24 15:37:43
1253,26.7 C,,50.0 %RH,,04/01/24 16:37:43
1254,26.8 C,,50.0 %RH,,04/01/24 17:37:43
1255,26.8 C,,49.1 %RH,,04/01/24 18:37:43
1256,26.6 C,,47.8 %RH,,04/01/24 19:37:43
1257,26.6 C,,48.8 %RH,,04/01/24 20:37:43
1258,26.4 C,,48.8 %RH,,04/01/24 21:37:43
1259,26.4 C,,50.2 %RH,,04/01/24 22:37:43
1260,26.6 C,,50.7 %RH,,04/01/24 23:37:43
1261,26.4 C,,52.1 %RH,,04/02/24 0:37:43
1262,26.3 C,,53.4 %RH,,04/02/24 1:37:43
1263,26.2 C,,54.7 %RH,,04/02/24 2:37:43
1264,26.1 C,,55.7 %RH,,04/02/24 3:37:43
1265,26.0 C,,56.9 %RH,,04/02/24 4:37:43
1266,25.9 C,,57.8 %RH,,04/02/24 5:37:43
1267,25.8 C,,58.7 %RH,,04/02/24 6:37:43
1268,25.6 C,,57.8 %RH,,04/02/24 7:37:43
1269,25.3 C,,52.9 %RH,,04/02/24 8:37:43
1270,25.1 C,,52.4 %RH,,04/02/24 9:37:43
1271,25.2 C,,50.9 %RH,,04/02/24 10:37:43
1272,25.2 C,,50.5 %RH,,04/02/24 11:37:43
1273,25.1 C,,52.2 %RH,,04/02/24 12:37:43
1274,25.5 C,,55.4 %RH,,04/02/24 13:37:43
1275,26.0 C,,56.1 %RH,,04/02/24 14:37:43
1276,26.4 C,,57.6 %RH,,04/02/24 15:37:43
1277,26.7 C,,61.4 %RH,,04/02/24 16:37:43
1278,26.9 C,,58.5 %RH,,04/02/24 17:37:43
1279,26.8 C,,52.3 %RH,,04/02/24 18:37:43
1280,26.6 C,,48.7 %RH,,04/02/24 19:37:43
1281,26.3 C,,47.5 %RH,,04/02/24 20:37:43
1282,26.1 C,,47.6 %RH,,04/02/24 21:37:43
1283,26.1 C,,51.2 %RH,,04/02/24 22:37:43
1284,26.0 C,,53.0 %RH,,04/02/24 23:37:43
1285,26.1 C,,54.2 %RH,,04/03/24 0:37:43
1286,26.1 C,,54.8 %RH,,04/03/24 1:37:43
1287,26.1 C,,55.5 %RH,,04/03/24 2:37:43
1288,26.0 C,,56.4 %RH,,04/03/24 3:37:43
1289,25.9 C,,57.3 %RH,,04/03/24 4:37:43
1290,25.8 C,,58.2 %RH,,04/03/24 5:37:43
1291,25.8 C,,58.9 %RH,,04/03/24 6:37:43
1292,25.7 C,,59.2 %RH,,04/03/24 7:37:43
1293,25.6 C,,51.7 %RH,,04/03/24 8:37:43
1294,25.3 C,,48.0 %RH,,04/03/24 9:37:43
1295,25.1 C,,49.4 %RH,,04/03/24 10:37:43
1296,25.1 C,,49.5 %RH,,04/03/24 11:37:43
1297,25.5 C,,50.6 %RH,,04/03/24 12:37:43
1298,25.5 C,,50.2 %RH,,04/03/24 13:37:43
1299,25.8 C,,50.1 %RH,,04/03/24 14:37:43
1300,26.0 C,,50.5 %RH,,04/03/24 15:37:43
1301,26.2 C,,49.6 %RH,,04/03/24 16:37:43
1302,26.4 C,,50.5 %RH,,04/03/24 17:37:43
1303,26.4 C,,49.5 %RH,,04/03/24 18:37:43
1304,26.2 C,,49.3 %RH,,04/03/24 19:37:43
1305,26.1 C,,48.9 %RH,,04/03/24 20:37:43
1306,25.9 C,,49.8 %RH,,04/03/24 21:37:43
1307,26.0 C,,51.9 %RH,,04/03/24 22:37:43
1308,26.1 C,,53.2 %RH,,04/03/24 23:37:43
1309,26.2 C,,54.2 %RH,,04/04/24 0:37:43
1310,26.3 C,,55.1 %RH,,04/04/24 1:37:43
1311,26.3 C,,56.1 %RH,,04/04/24 2:37:43
1312,26.4 C,,57.0 %RH,,04/04/24 3:37:43
1313,26.3 C,,58.7 %RH,,04/04/24 4:37:43
1314,26.2 C,,59.7 %RH,,04/04/24 5:37:43
1315,26.2 C,,60.8 %RH,,04/04/24 6:37:43
1316,26.1 C,,58.4 %RH,,04/04/24 7:37:43
1317,26.1 C,,52.4 %RH,,04/04/24 8:37:43
1318,26.1 C,,51.2 %RH,,04/04/24 9:37:43
1319,26.2 C,,54.5 %RH,,04/04/24 10:37:43
1320,26.3 C,,54.4 %RH,,04/04/24 11:37:43
1321,26.4 C,,57.4 %RH,,04/04/24 12:37:43
1322,26.5 C,,57.1 %RH,,04/04/24 13:37:43
1323,26.7 C,,58.9 %RH,,04/04/24 14:37:43
1324,27.4 C,,64.8 %RH,,04/04/24 15:37:43